"Message",Low,"Starting .NET Native compilation"
"Message",Low,""
"Message",Low,""
"Message",Low,"Task ""Gatekeeper"""
"Message",Normal,"Launching 'C:\Users\emmas\.nuget\packages\microsoft.net.native.compiler\1.7.0\tools\x86\ilc\Tools\Gatekeeper.exe @""C:\Github-Projects\Universal-Windows-Development\UltraWeather\UltraWeather\UltraWeather.UWP\obj\x86\Debug\ilc\intermediate\gkargs.rsp""'"
"Message",Low,"Microsoft (R) .NET Native Gatekeeper Version 1.7.25531.01 "
"Message",Low,"Copyright (C) Microsoft Corporation.  All rights reserved. "
"Message",Low," "
"Message",Low,"Checking assembly 'C:\Github-Projects\Universal-Windows-Development\UltraWeather\UltraWeather\UltraWeather.UWP\obj\x86\Debug\ilc\in\Newtonsoft.Json.dll'. "
"Message",Low,"Checking assembly 'C:\Github-Projects\Universal-Windows-Development\UltraWeather\UltraWeather\UltraWeather.UWP\obj\x86\Debug\ilc\in\System.Net.Http.Extensions.dll'. "
"Message",Low,"Checking assembly 'C:\Github-Projects\Universal-Windows-Development\UltraWeather\UltraWeather\UltraWeather.UWP\obj\x86\Debug\ilc\in\UltraWeather.dll'. "
"Message",Low,"Checking assembly 'C:\Github-Projects\Universal-Windows-Development\UltraWeather\UltraWeather\UltraWeather.UWP\obj\x86\Debug\ilc\in\UltraWeather.UWP.exe'. "
"Message",Low,"Checking assembly 'C:\Github-Projects\Universal-Windows-Development\UltraWeather\UltraWeather\UltraWeather.UWP\obj\x86\Debug\ilc\in\Xamarin.Forms.Core.dll'. "
"Message",Low,"Checking assembly 'C:\Github-Projects\Universal-Windows-Development\UltraWeather\UltraWeather\UltraWeather.UWP\obj\x86\Debug\ilc\in\Xamarin.Forms.Platform.dll'. "
"Message",Low,"Checking assembly 'C:\Github-Projects\Universal-Windows-Development\UltraWeather\UltraWeather\UltraWeather.UWP\obj\x86\Debug\ilc\in\Xamarin.Forms.Platform.UAP.dll'. "
"Message",Low,"Checking assembly 'C:\Github-Projects\Universal-Windows-Development\UltraWeather\UltraWeather\UltraWeather.UWP\obj\x86\Debug\ilc\in\Xamarin.Forms.Xaml.dll'. "
"Message",Low,"Checking assembly 'C:\Github-Projects\Universal-Windows-Development\UltraWeather\UltraWeather\UltraWeather.UWP\obj\x86\Debug\ilc\in\Newtonsoft.Json.dll'. "
"Message",Low,"Newtonsoft.Json : Gatekeeper message GK0012 : GK0012 Type.GetType(name) will only search System.Runtime if no assembly name is provided; it does not currently search the calling assembly. Use Assembly.GetType() instead."
"Message",Low,"Checking assembly 'C:\Github-Projects\Universal-Windows-Development\UltraWeather\UltraWeather\UltraWeather.UWP\obj\x86\Debug\ilc\in\System.Net.Http.Extensions.dll'. "
"Message",Low,"Checking assembly 'C:\Github-Projects\Universal-Windows-Development\UltraWeather\UltraWeather\UltraWeather.UWP\obj\x86\Debug\ilc\in\UltraWeather.dll'. "
"Message",Low,"Checking assembly 'C:\Github-Projects\Universal-Windows-Development\UltraWeather\UltraWeather\UltraWeather.UWP\obj\x86\Debug\ilc\in\UltraWeather.UWP.exe'. "
"Message",Low,"Checking assembly 'C:\Github-Projects\Universal-Windows-Development\UltraWeather\UltraWeather\UltraWeather.UWP\obj\x86\Debug\ilc\in\Xamarin.Forms.Core.dll'. "
"Message",Low,"Xamarin.Forms.Core : Gatekeeper message GK0011 : GK0011 Type.GetRuntimeMethods() does not currently return hidden members in base classes."
"Message",Low,"Xamarin.Forms.Core : Gatekeeper message GK0012 : GK0012 Type.GetType(name) will only search System.Runtime if no assembly name is provided; it does not currently search the calling assembly. Use Assembly.GetType() instead."
"Message",Low,"Checking assembly 'C:\Github-Projects\Universal-Windows-Development\UltraWeather\UltraWeather\UltraWeather.UWP\obj\x86\Debug\ilc\in\Xamarin.Forms.Platform.dll'. "
"Message",Low,"Checking assembly 'C:\Github-Projects\Universal-Windows-Development\UltraWeather\UltraWeather\UltraWeather.UWP\obj\x86\Debug\ilc\in\Xamarin.Forms.Platform.UAP.dll'. "
"Message",Low,"Xamarin.Forms.Platform.UAP : Gatekeeper message GK0011 : GK0011 Type.GetRuntimeMethods() does not currently return hidden members in base classes."
"Message",Low,"Checking assembly 'C:\Github-Projects\Universal-Windows-Development\UltraWeather\UltraWeather\UltraWeather.UWP\obj\x86\Debug\ilc\in\Xamarin.Forms.Xaml.dll'. "
"Message",Low,"Xamarin.Forms.Xaml : Gatekeeper message GK0011 : GK0011 Type.GetRuntimeMethods() does not currently return hidden members in base classes."
"Message",Low,"Xamarin.Forms.Xaml : Gatekeeper message GK0012 : GK0012 Type.GetType(name) will only search System.Runtime if no assembly name is provided; it does not currently search the calling assembly. Use Assembly.GetType() instead."
"Message",Normal,"'C:\Users\emmas\.nuget\packages\microsoft.net.native.compiler\1.7.0\tools\x86\ilc\Tools\Gatekeeper.exe @""C:\Github-Projects\Universal-Windows-Development\UltraWeather\UltraWeather\UltraWeather.UWP\obj\x86\Debug\ilc\intermediate\gkargs.rsp""' completed."
"Message",Normal,"Process execution statistics (all times in milliseconds)"
"Message",Normal,"-----------------------------------------------------------------------------"
"Message",Normal,"launch  |  start   |   stop   |   end    | duration | lifetime | [slot] name"
"Message",Normal,"-----------------------------------------------------------------------------"
"Message",Normal,"       0 |       16 |     2203 |     2203 |     2187 |     2203 | [0] Gatekeeper"
"Message",Normal,"Number of commands:      1"
"Message",Normal,"Total system time:       2203 ms"
"Message",Normal,"System time per command: 2203 ms"
"Message",Normal,"Total duration:          2187 ms"
"Message",Normal,"Total lifetime:          2203 ms"
"Message",Normal,"Requested DOP:           4"
"Message",Normal,"Duration DOP:            1.0"
"Message",Normal,"Lifetime DOP:            1.0"
"Message",Low,"Done executing task ""Gatekeeper""."
"Message",Low,"Done building target ""RunGatekeeper"" in file ""Preparation""."
"Message",Low,""
"Message",Low,"Task ""InjectWindowsRuntimeTypeForwards"""
"Message",Normal,"Running 'InjectWindowsRuntimeTypeForwards' transform, heap at 13 MB."
"Message",Normal,"Running 'WriteAssemblies' transform, heap at 17 MB."
"Message",Normal,""
"Message",Normal,"Transform summary"
"Message",Normal,"    ms | heap delta | name"
"Message",Normal,"    72 |          2 | WriteAssemblies"
"Message",Normal,"    71 |          4 | InjectWindowsRuntimeTypeForwards"
"Message",Low,"Done executing task ""InjectWindowsRuntimeTypeForwards""."
"Message",Low,"Done building target ""InjectWindowRuntimeTypeForwards"" in file ""Preparation""."
"Message",Low,""
"Message",Low,"Task ""PreResolveAssemblyClosure"""
"Message",Low,"Done executing task ""PreResolveAssemblyClosure""."
"Message",Low,"Task ""PreResolveTransforms"""
"Message",Normal,"Running 'ResolveSelfReferences' transform, heap at 31 MB."
"Message",Normal,"Running 'RemoveDuplicateMembers' transform, heap at 57 MB."
"Message",Normal,"Running 'PortableLib' transform, heap at 57 MB."
"Message",Normal,"Running 'WriteAssemblies' transform, heap at 104 MB."
"Message",Normal,""
"Message",Normal,"Transform summary"
"Message",Normal,"    ms | heap delta | name"
"Message",Normal,"   536 |         47 | PortableLib"
"Message",Normal,"   492 |         18 | WriteAssemblies"
"Message",Normal,"   483 |         26 | ResolveSelfReferences"
"Message",Normal,"     0 |          0 | RemoveDuplicateMembers"
"Message",Low,"Done executing task ""PreResolveTransforms""."
"Message",Low,"Done building target ""PreResolveTransforms"" in file ""Preparation""."
"Message",Low,""
"Message",Low,"Task ""InitialAssemblyClosure"""
"Message",Low,"Done executing task ""InitialAssemblyClosure""."
"Message",Low,"Task ""ResolveInitialReferencesAssemblyClosure1"""
"Message",Low,"Done executing task ""ResolveInitialReferencesAssemblyClosure1""."
"Message",Low,"Task ""ResolveInitialReferencesAssemblyClosure2"""
"Message",Low,"Done executing task ""ResolveInitialReferencesAssemblyClosure2""."
"Message",Low,"Done building target ""ResolveInitialReferences"" in file ""Preparation""."
"Message",Low,"Done building project ""Preparation""."
"Message",Low,""
"Message",Low,""
"Message",High,"Processing application code"
"Message",Low,"Task ""ValidateSimpleNames"""
"Message",Low,"Done executing task ""ValidateSimpleNames""."
"Message",Low,"Task ""McgContractsResolveFilePath"""
"Message",Low,"Done executing task ""McgContractsResolveFilePath""."
"Message",Low,"Task ""McgFacadeResolveFilePath"""
"Message",Low,"Done executing task ""McgFacadeResolveFilePath""."
"Message",Low,"Task ""FinalAssemblyClosureRootsResolveFilePaths"""
"Message",Low,"Done executing task ""FinalAssemblyClosureRootsResolveFilePaths""."
"Message",Low,"Task ""FinalAssemblyClosure"""
"Message",Low,"Done executing task ""FinalAssemblyClosure""."
"Message",Low,"Task ""RunILTransforms"""
"Message",Normal,"Running 'Analysis' transform, heap at 20 MB."
"Message",Low,"Loading 96 modules..."
"Message",Normal,"Imported reflection directives from 18 files:"
"Message",Normal,"C:\Github-Projects\Universal-Windows-Development\UltraWeather\UltraWeather\UltraWeather.UWP\obj\x86\Debug\ilc\in\Properties\Default.rd.xml"
"Message",Normal,"C:\Github-Projects\Universal-Windows-Development\UltraWeather\UltraWeather\UltraWeather.UWP\obj\x86\Debug\ilc\in\Xamarin.Forms.Platform.UAP\Properties\Xamarin.Forms.Platform.UAP.rd.xml"
"Message",Normal,"Embedded manifest in System.Diagnostics.Tracing: Resources.System.Diagnostics.Tracing.rd.xml"
"Message",Normal,"Embedded manifest in System.Private.Reflection: System.Private.Reflection.rd.xml"
"Message",Normal,"Embedded manifest in System.Private.CoreLib: Resources.System.Private.CoreLib.rd.xml"
"Message",Normal,"Embedded manifest in System.Private.Uri: Resources.System.Private.Uri.rd.xml"
"Message",Normal,"Embedded manifest in System.Private.Reflection.Core: System.Private.Reflection.Core.rd.xml"
"Message",Normal,"Embedded manifest in System.Linq.Expressions: Resources.System.Linq.Expressions.rd.xml"
"Message",Normal,"Embedded manifest in System.Dynamic.Runtime: Resources.System.Dynamic.Runtime.rd.xml"
"Message",Normal,"Embedded manifest in Microsoft.CSharp: Microsoft.CSharp.Resources.Microsoft.CSharp.rd.xml"
"Message",Normal,"Embedded manifest in System.Private.PortableThunks: Resources.System.Private.PortableThunks.rd.xml"
"Message",Normal,"Embedded manifest in System.Xml.ReaderWriter: System.Xml.Resources.System.Xml.ReaderWriter.rd.xml"
"Message",Normal,"Embedded manifest in System.Private.DataContractSerialization: System.Private.DataContractSerialization.Resources.System.Private.DataContractSerialization.rd.xml"
"Message",Normal,"Embedded manifest in System.Runtime.Serialization.Primitives: System.Runtime.Serialization.Primitives.Resources.System.Runtime.Serialization.Primitives.rd.xml"
"Message",Normal,"Embedded manifest in System.Xml.XDocument: System.Xml.Resources.System.Xml.XDocument.rd.xml"
"Message",Normal,"Embedded manifest in System.Xml.XmlSerializer: System.Xml.XmlSerializer.Resources.System.Xml.XmlSerializer.rd.xml"
"Message",Normal,"Embedded manifest in System.Private.Interop: Resources.System.Private.Interop.rd.xml"
"Message",Normal,"Newtonsoft.Json"
"Message",Normal,"Imported XAML Roots from 2 files:"
"Message",Normal,"C:\Github-Projects\Universal-Windows-Development\UltraWeather\UltraWeather\UltraWeather.UWP\obj\x86\Debug\ilc\in\UltraWeather.UWP.xr.xml"
"Message",Normal,"C:\Github-Projects\Universal-Windows-Development\UltraWeather\UltraWeather\UltraWeather.UWP\obj\x86\Debug\ilc\in\Xamarin.Forms.Platform.UAP\Xamarin.Forms.Platform.UAP.xr.xml"
"Message",Normal,"Running 'Mcg' transform, heap at 233 MB."
"Message",High,"Computing application closure and generating interop code"
"Message",Normal,"  List of .lib files:"
"Message",Normal,"      WindowsApp.lib"
"Message",Normal,"      winsqlite3.lib"
"Message",Normal,"  List of .lib search paths:"
"Message",Normal,"      C:\Program Files (x86)\Windows Kits\10\lib\10.0.15063.0\um\x86"
"Message",Normal,"  Loading exports from libs..."
"Message",Normal,"      2875 exports read from 'C:\Program Files (x86)\Windows Kits\10\lib\10.0.15063.0\um\x86\WindowsApp.lib'."
"Message",Normal,"      237 exports read from 'C:\Program Files (x86)\Windows Kits\10\lib\10.0.15063.0\um\x86\winsqlite3.lib'."
"Message",High,"  Loading 96 modules..."
"Message",Normal,"          P/Invoke 'RhWaitForPendingFinalizers' with [DllImport(ExactSpelling=true)] resolved to '[MRT]!RhWaitForPendingFinalizers'."
"Message",Normal,"          P/Invoke 'RhYield' with [DllImport(ExactSpelling=true)] resolved to '[MRT]!RhYield'."
"Message",Normal,"          P/Invoke 'RhCompatibleReentrantWaitAny' with [DllImport(ExactSpelling=true)] resolved to '[MRT]!RhCompatibleReentrantWaitAny'."
"Message",Normal,"          P/Invoke '_ecvt_s' with [DllImport(ExactSpelling=true)] resolved to '[MRT]!_ecvt_s'."
"Message",Normal,"          P/Invoke 'memmove' with [DllImport(ExactSpelling=true)] resolved to '[MRT]!memmove'."
"Message",Normal,"          P/Invoke 'CallingConventionConverter_GetStubs' with [DllImport(ExactSpelling=true)] resolved to '*!CallingConventionConverter_GetStubs'."
"Message",Normal,"          P/Invoke 'GetLastError' resolved to 'api-ms-win-core-errorhandling-l1-1-1.dll!GetLastError' from 'C:\Program Files (x86)\Windows Kits\10\lib\10.0.15063.0\um\x86\WindowsApp.lib'."
"Message",Normal,"          P/Invoke 'RoInitialize' resolved to 'api-ms-win-core-winrt-l1-1-0.dll!RoInitialize' from 'C:\Program Files (x86)\Windows Kits\10\lib\10.0.15063.0\um\x86\WindowsApp.lib'."
"Message",Normal,"          P/Invoke 'IsValidLocaleName' resolved to 'api-ms-win-core-localization-l1-2-1.dll!IsValidLocaleName' from 'C:\Program Files (x86)\Windows Kits\10\lib\10.0.15063.0\um\x86\WindowsApp.lib'."
"Message",Normal,"          P/Invoke 'ResolveLocaleName' resolved to 'api-ms-win-core-localization-l1-2-1.dll!ResolveLocaleName' from 'C:\Program Files (x86)\Windows Kits\10\lib\10.0.15063.0\um\x86\WindowsApp.lib'."
"Message",Normal,"          P/Invoke 'GetCPInfoExW' resolved to 'api-ms-win-core-localization-l1-2-1.dll!GetCPInfoExW' from 'C:\Program Files (x86)\Windows Kits\10\lib\10.0.15063.0\um\x86\WindowsApp.lib'."
"Message",Normal,"          P/Invoke 'RoGetBufferMarshaler' resolved to 'api-ms-win-core-winrt-robuffer-l1-1-0.dll!RoGetBufferMarshaler' from 'C:\Program Files (x86)\Windows Kits\10\lib\10.0.15063.0\um\x86\WindowsApp.lib'."
"Message",Normal,"          P/Invoke 'CoCreateInstance' with [DllImport(ExactSpelling=true)] resolved to 'api-ms-win-core-com-l1-1-0.dll!CoCreateInstance'."
"Message",Normal,"          P/Invoke '#6' resolved to 'oleaut32.dll!#6' from 'C:\Program Files (x86)\Windows Kits\10\lib\10.0.15063.0\um\x86\WindowsApp.lib'."
"Message",Normal,"          P/Invoke 'RtlIpv6AddressToStringExW' resolved to 'ntdll.dll!RtlIpv6AddressToStringExW' from 'C:\Program Files (x86)\Windows Kits\10\lib\10.0.15063.0\um\x86\WindowsApp.lib'."
"Message",Normal,"          P/Invoke 'RtlIpv4AddressToStringExW' resolved to 'ntdll.dll!RtlIpv4AddressToStringExW' from 'C:\Program Files (x86)\Windows Kits\10\lib\10.0.15063.0\um\x86\WindowsApp.lib'."
"Message",Normal,"          P/Invoke 'FormatMessageW' resolved to 'api-ms-win-core-localization-l1-2-1.dll!FormatMessageW' from 'C:\Program Files (x86)\Windows Kits\10\lib\10.0.15063.0\um\x86\WindowsApp.lib'."
"Message",High,"  Generating code..."
"Message",High,"  Interop code generated."
"Message",Normal,"  Written code to AssemblyInfo.g.cs"
"Message",Normal,"  Written code to Adapters.g.cs"
"Message",Normal,"  Written code to Data.g.cs"
"Message",Normal,"  Written code to Helpers.g.cs"
"Message",Normal,"  Written code to ImplTypes.g.cs"
"Message",Normal,"  Written code to PInvoke.g.cs"
"Message",Normal,"  Written code to SafeTypes.g.cs"
"Message",Normal,"  Written code to SharedStubs.g.cs"
"Message",Normal,"Running 'GenerateCodeAndCompile' transform, heap at 323 MB."
"Message",High,"Generating serialization code"
"Message",High,"Compiling interop code"
"Message",Normal,"Compiling generated source code: C:\Users\emmas\.nuget\packages\microsoft.net.native.compiler\1.7.0\tools\x86\ilc\csc\csc.exe /noconfig @""C:\Github-Projects\Universal-Windows-Development\UltraWeather\UltraWeather\UltraWeather.UWP\obj\x86\Debug\ilc\intermediate\UltraWeather.UWP.McgInterop.rsp"""
"Message",Normal,"The assembly 'Newtonsoft.Json.dll' is found in more than one folder."
"Message",Normal,"file:///C:/Github-Projects/Universal-Windows-Development/UltraWeather/UltraWeather/UltraWeather.UWP/obj/x86/Debug/ilc/intermediate/PreMergeILTransformed/Newtonsoft.Json.dll"
"Message",Normal,"C:\Github-Projects\Universal-Windows-Development\UltraWeather\UltraWeather\UltraWeather.UWP\obj\x86\Debug\ilc\in\Newtonsoft.Json.dll"
"Message",Normal,"The assembly 'System.Net.Http.Extensions.dll' is found in more than one folder."
"Message",Normal,"file:///C:/Github-Projects/Universal-Windows-Development/UltraWeather/UltraWeather/UltraWeather.UWP/obj/x86/Debug/ilc/intermediate/PreMergeILTransformed/System.Net.Http.Extensions.dll"
"Message",Normal,"C:\Github-Projects\Universal-Windows-Development\UltraWeather\UltraWeather\UltraWeather.UWP\obj\x86\Debug\ilc\in\System.Net.Http.Extensions.dll"
"Message",Normal,"The type 'System.Net.Sockets.IPAddressExtensions' is found in more than one assembly."
"Message",Normal,"file:///C:/Github-Projects/Universal-Windows-Development/UltraWeather/UltraWeather/UltraWeather.UWP/obj/x86/Debug/ilc/in/System.Net.NameResolution.dll"
"Message",Normal,"file:///C:/Github-Projects/Universal-Windows-Development/UltraWeather/UltraWeather/UltraWeather.UWP/obj/x86/Debug/ilc/in/System.Net.Sockets.dll"
"Message",Normal,"The assembly 'System.Runtime.WindowsRuntime.dll' is found in more than one folder."
"Message",Normal,"file:///C:/Github-Projects/Universal-Windows-Development/UltraWeather/UltraWeather/UltraWeather.UWP/obj/x86/Debug/ilc/intermediate/TransformedSRWR/System.Runtime.WindowsRuntime.dll"
"Message",Normal,"C:\Github-Projects\Universal-Windows-Development\UltraWeather\UltraWeather\UltraWeather.UWP\obj\x86\Debug\ilc\in\System.Runtime.WindowsRuntime.dll"
"Message",Normal,"The assembly 'UltraWeather.dll' is found in more than one folder."
"Message",Normal,"file:///C:/Github-Projects/Universal-Windows-Development/UltraWeather/UltraWeather/UltraWeather.UWP/obj/x86/Debug/ilc/intermediate/PreMergeILTransformed/UltraWeather.dll"
"Message",Normal,"C:\Github-Projects\Universal-Windows-Development\UltraWeather\UltraWeather\UltraWeather.UWP\obj\x86\Debug\ilc\in\UltraWeather.dll"
"Message",Normal,"The assembly 'Xamarin.Forms.Core.dll' is found in more than one folder."
"Message",Normal,"file:///C:/Github-Projects/Universal-Windows-Development/UltraWeather/UltraWeather/UltraWeather.UWP/obj/x86/Debug/ilc/intermediate/PreMergeILTransformed/Xamarin.Forms.Core.dll"
"Message",Normal,"C:\Github-Projects\Universal-Windows-Development\UltraWeather\UltraWeather\UltraWeather.UWP\obj\x86\Debug\ilc\in\Xamarin.Forms.Core.dll"
"Message",Normal,"The assembly 'Xamarin.Forms.Xaml.dll' is found in more than one folder."
"Message",Normal,"file:///C:/Github-Projects/Universal-Windows-Development/UltraWeather/UltraWeather/UltraWeather.UWP/obj/x86/Debug/ilc/intermediate/PreMergeILTransformed/Xamarin.Forms.Xaml.dll"
"Message",Normal,"C:\Github-Projects\Universal-Windows-Development\UltraWeather\UltraWeather\UltraWeather.UWP\obj\x86\Debug\ilc\in\Xamarin.Forms.Xaml.dll"
"Message",Normal,"The assembly 'UltraWeather.UWP.exe' is found in more than one folder."
"Message",Normal,"file:///C:/Github-Projects/Universal-Windows-Development/UltraWeather/UltraWeather/UltraWeather.UWP/obj/x86/Debug/ilc/intermediate/PreMergeILTransformed/UltraWeather.UWP.exe"
"Message",Normal,"C:\Github-Projects\Universal-Windows-Development\UltraWeather\UltraWeather\UltraWeather.UWP\obj\x86\Debug\ilc\in\UltraWeather.UWP.exe"
"Message",Normal,"The assembly 'Microsoft.CSharp.dll' is found in more than one folder."
"Message",Normal,"file:///C:/Github-Projects/Universal-Windows-Development/UltraWeather/UltraWeather/UltraWeather.UWP/obj/x86/Debug/ilc/in/Microsoft.CSharp.dll"
"Message",Normal,"C:\Github-Projects\Universal-Windows-Development\UltraWeather\UltraWeather\UltraWeather.UWP\obj\x86\Debug\ilc\in\Microsoft.CSharp.dll"
"Message",Normal,"The assembly 'Microsoft.VisualBasic.dll' is found in more than one folder."
"Message",Normal,"file:///C:/Github-Projects/Universal-Windows-Development/UltraWeather/UltraWeather/UltraWeather.UWP/obj/x86/Debug/ilc/in/Microsoft.VisualBasic.dll"
"Message",Normal,"C:\Github-Projects\Universal-Windows-Development\UltraWeather\UltraWeather\UltraWeather.UWP\obj\x86\Debug\ilc\in\Microsoft.VisualBasic.dll"
"Message",Normal,"The assembly 'Microsoft.Win32.Primitives.dll' is found in more than one folder."
"Message",Normal,"file:///C:/Github-Projects/Universal-Windows-Development/UltraWeather/UltraWeather/UltraWeather.UWP/obj/x86/Debug/ilc/in/Microsoft.Win32.Primitives.dll"
"Message",Normal,"C:\Github-Projects\Universal-Windows-Development\UltraWeather\UltraWeather\UltraWeather.UWP\obj\x86\Debug\ilc\in\Microsoft.Win32.Primitives.dll"
"Message",Normal,"The assembly 'mscorlib.dll' is found in more than one folder."
"Message",Normal,"file:///C:/Github-Projects/Universal-Windows-Development/UltraWeather/UltraWeather/UltraWeather.UWP/obj/x86/Debug/ilc/in/mscorlib.dll"
"Message",Normal,"C:\Github-Projects\Universal-Windows-Development\UltraWeather\UltraWeather\UltraWeather.UWP\obj\x86\Debug\ilc\in\mscorlib.dll"
"Message",Normal,"The assembly 'Newtonsoft.Json.dll' is found in more than one folder."
"Message",Normal,"file:///C:/Github-Projects/Universal-Windows-Development/UltraWeather/UltraWeather/UltraWeather.UWP/obj/x86/Debug/ilc/intermediate/PreMergeILTransformed/Newtonsoft.Json.dll"
"Message",Normal,"C:\Github-Projects\Universal-Windows-Development\UltraWeather\UltraWeather\UltraWeather.UWP\obj\x86\Debug\ilc\in\Newtonsoft.Json.dll"
"Message",Normal,"The assembly 'System.AppContext.dll' is found in more than one folder."
"Message",Normal,"file:///C:/Github-Projects/Universal-Windows-Development/UltraWeather/UltraWeather/UltraWeather.UWP/obj/x86/Debug/ilc/in/System.AppContext.dll"
"Message",Normal,"C:\Github-Projects\Universal-Windows-Development\UltraWeather\UltraWeather\UltraWeather.UWP\obj\x86\Debug\ilc\in\System.AppContext.dll"
"Message",Normal,"The assembly 'System.Buffers.dll' is found in more than one folder."
"Message",Normal,"file:///C:/Github-Projects/Universal-Windows-Development/UltraWeather/UltraWeather/UltraWeather.UWP/obj/x86/Debug/ilc/in/System.Buffers.dll"
"Message",Normal,"C:\Github-Projects\Universal-Windows-Development\UltraWeather\UltraWeather\UltraWeather.UWP\obj\x86\Debug\ilc\in\System.Buffers.dll"
"Message",Normal,"The assembly 'System.Collections.Concurrent.dll' is found in more than one folder."
"Message",Normal,"file:///C:/Github-Projects/Universal-Windows-Development/UltraWeather/UltraWeather/UltraWeather.UWP/obj/x86/Debug/ilc/in/System.Collections.Concurrent.dll"
"Message",Normal,"C:\Github-Projects\Universal-Windows-Development\UltraWeather\UltraWeather\UltraWeather.UWP\obj\x86\Debug\ilc\in\System.Collections.Concurrent.dll"
"Message",Normal,"The assembly 'System.Collections.dll' is found in more than one folder."
"Message",Normal,"file:///C:/Github-Projects/Universal-Windows-Development/UltraWeather/UltraWeather/UltraWeather.UWP/obj/x86/Debug/ilc/in/System.Collections.dll"
"Message",Normal,"C:\Github-Projects\Universal-Windows-Development\UltraWeather\UltraWeather\UltraWeather.UWP\obj\x86\Debug\ilc\in\System.Collections.dll"
"Message",Normal,"The assembly 'System.Collections.Immutable.dll' is found in more than one folder."
"Message",Normal,"file:///C:/Github-Projects/Universal-Windows-Development/UltraWeather/UltraWeather/UltraWeather.UWP/obj/x86/Debug/ilc/in/System.Collections.Immutable.dll"
"Message",Normal,"C:\Github-Projects\Universal-Windows-Development\UltraWeather\UltraWeather\UltraWeather.UWP\obj\x86\Debug\ilc\in\System.Collections.Immutable.dll"
"Message",Normal,"The assembly 'System.Collections.NonGeneric.dll' is found in more than one folder."
"Message",Normal,"file:///C:/Github-Projects/Universal-Windows-Development/UltraWeather/UltraWeather/UltraWeather.UWP/obj/x86/Debug/ilc/in/System.Collections.NonGeneric.dll"
"Message",Normal,"C:\Github-Projects\Universal-Windows-Development\UltraWeather\UltraWeather\UltraWeather.UWP\obj\x86\Debug\ilc\in\System.Collections.NonGeneric.dll"
"Message",Normal,"The assembly 'System.Collections.Specialized.dll' is found in more than one folder."
"Message",Normal,"file:///C:/Github-Projects/Universal-Windows-Development/UltraWeather/UltraWeather/UltraWeather.UWP/obj/x86/Debug/ilc/in/System.Collections.Specialized.dll"
"Message",Normal,"C:\Github-Projects\Universal-Windows-Development\UltraWeather\UltraWeather\UltraWeather.UWP\obj\x86\Debug\ilc\in\System.Collections.Specialized.dll"
"Message",Normal,"The assembly 'System.ComponentModel.Annotations.dll' is found in more than one folder."
"Message",Normal,"file:///C:/Github-Projects/Universal-Windows-Development/UltraWeather/UltraWeather/UltraWeather.UWP/obj/x86/Debug/ilc/in/System.ComponentModel.Annotations.dll"
"Message",Normal,"C:\Github-Projects\Universal-Windows-Development\UltraWeather\UltraWeather\UltraWeather.UWP\obj\x86\Debug\ilc\in\System.ComponentModel.Annotations.dll"
"Message",Normal,"The assembly 'System.ComponentModel.DataAnnotations.dll' is found in more than one folder."
"Message",Normal,"file:///C:/Github-Projects/Universal-Windows-Development/UltraWeather/UltraWeather/UltraWeather.UWP/obj/x86/Debug/ilc/in/System.ComponentModel.DataAnnotations.dll"
"Message",Normal,"C:\Github-Projects\Universal-Windows-Development\UltraWeather\UltraWeather\UltraWeather.UWP\obj\x86\Debug\ilc\in\System.ComponentModel.DataAnnotations.dll"
"Message",Normal,"The assembly 'System.ComponentModel.dll' is found in more than one folder."
"Message",Normal,"file:///C:/Github-Projects/Universal-Windows-Development/UltraWeather/UltraWeather/UltraWeather.UWP/obj/x86/Debug/ilc/in/System.ComponentModel.dll"
"Message",Normal,"C:\Github-Projects\Universal-Windows-Development\UltraWeather\UltraWeather\UltraWeather.UWP\obj\x86\Debug\ilc\in\System.ComponentModel.dll"
"Message",Normal,"The assembly 'System.ComponentModel.EventBasedAsync.dll' is found in more than one folder."
"Message",Normal,"file:///C:/Github-Projects/Universal-Windows-Development/UltraWeather/UltraWeather/UltraWeather.UWP/obj/x86/Debug/ilc/in/System.ComponentModel.EventBasedAsync.dll"
"Message",Normal,"C:\Github-Projects\Universal-Windows-Development\UltraWeather\UltraWeather\UltraWeather.UWP\obj\x86\Debug\ilc\in\System.ComponentModel.EventBasedAsync.dll"
"Message",Normal,"The assembly 'System.ComponentModel.Primitives.dll' is found in more than one folder."
"Message",Normal,"file:///C:/Github-Projects/Universal-Windows-Development/UltraWeather/UltraWeather/UltraWeather.UWP/obj/x86/Debug/ilc/in/System.ComponentModel.Primitives.dll"
"Message",Normal,"C:\Github-Projects\Universal-Windows-Development\UltraWeather\UltraWeather\UltraWeather.UWP\obj\x86\Debug\ilc\in\System.ComponentModel.Primitives.dll"
"Message",Normal,"The assembly 'System.ComponentModel.TypeConverter.dll' is found in more than one folder."
"Message",Normal,"file:///C:/Github-Projects/Universal-Windows-Development/UltraWeather/UltraWeather/UltraWeather.UWP/obj/x86/Debug/ilc/in/System.ComponentModel.TypeConverter.dll"
"Message",Normal,"C:\Github-Projects\Universal-Windows-Development\UltraWeather\UltraWeather\UltraWeather.UWP\obj\x86\Debug\ilc\in\System.ComponentModel.TypeConverter.dll"
"Message",Normal,"The assembly 'System.Console.dll' is found in more than one folder."
"Message",Normal,"file:///C:/Github-Projects/Universal-Windows-Development/UltraWeather/UltraWeather/UltraWeather.UWP/obj/x86/Debug/ilc/in/System.Console.dll"
"Message",Normal,"C:\Github-Projects\Universal-Windows-Development\UltraWeather\UltraWeather\UltraWeather.UWP\obj\x86\Debug\ilc\in\System.Console.dll"
"Message",Normal,"The assembly 'System.Core.dll' is found in more than one folder."
"Message",Normal,"file:///C:/Github-Projects/Universal-Windows-Development/UltraWeather/UltraWeather/UltraWeather.UWP/obj/x86/Debug/ilc/in/System.Core.dll"
"Message",Normal,"C:\Github-Projects\Universal-Windows-Development\UltraWeather\UltraWeather\UltraWeather.UWP\obj\x86\Debug\ilc\in\System.Core.dll"
"Message",Normal,"The assembly 'System.Data.Common.dll' is found in more than one folder."
"Message",Normal,"file:///C:/Github-Projects/Universal-Windows-Development/UltraWeather/UltraWeather/UltraWeather.UWP/obj/x86/Debug/ilc/in/System.Data.Common.dll"
"Message",Normal,"C:\Github-Projects\Universal-Windows-Development\UltraWeather\UltraWeather\UltraWeather.UWP\obj\x86\Debug\ilc\in\System.Data.Common.dll"
"Message",Normal,"The assembly 'System.Diagnostics.Contracts.dll' is found in more than one folder."
"Message",Normal,"file:///C:/Github-Projects/Universal-Windows-Development/UltraWeather/UltraWeather/UltraWeather.UWP/obj/x86/Debug/ilc/in/System.Diagnostics.Contracts.dll"
"Message",Normal,"C:\Github-Projects\Universal-Windows-Development\UltraWeather\UltraWeather\UltraWeather.UWP\obj\x86\Debug\ilc\in\System.Diagnostics.Contracts.dll"
"Message",Normal,"The assembly 'System.Diagnostics.Debug.dll' is found in more than one folder."
"Message",Normal,"file:///C:/Github-Projects/Universal-Windows-Development/UltraWeather/UltraWeather/UltraWeather.UWP/obj/x86/Debug/ilc/in/System.Diagnostics.Debug.dll"
"Message",Normal,"C:\Github-Projects\Universal-Windows-Development\UltraWeather\UltraWeather\UltraWeather.UWP\obj\x86\Debug\ilc\in\System.Diagnostics.Debug.dll"
"Message",Normal,"The assembly 'System.Diagnostics.DiagnosticSource.dll' is found in more than one folder."
"Message",Normal,"file:///C:/Github-Projects/Universal-Windows-Development/UltraWeather/UltraWeather/UltraWeather.UWP/obj/x86/Debug/ilc/in/System.Diagnostics.DiagnosticSource.dll"
"Message",Normal,"C:\Github-Projects\Universal-Windows-Development\UltraWeather\UltraWeather\UltraWeather.UWP\obj\x86\Debug\ilc\in\System.Diagnostics.DiagnosticSource.dll"
"Message",Normal,"The assembly 'System.Diagnostics.StackTrace.dll' is found in more than one folder."
"Message",Normal,"file:///C:/Github-Projects/Universal-Windows-Development/UltraWeather/UltraWeather/UltraWeather.UWP/obj/x86/Debug/ilc/in/System.Diagnostics.StackTrace.dll"
"Message",Normal,"C:\Github-Projects\Universal-Windows-Development\UltraWeather\UltraWeather\UltraWeather.UWP\obj\x86\Debug\ilc\in\System.Diagnostics.StackTrace.dll"
"Message",Normal,"The assembly 'System.Diagnostics.Tools.dll' is found in more than one folder."
"Message",Normal,"file:///C:/Github-Projects/Universal-Windows-Development/UltraWeather/UltraWeather/UltraWeather.UWP/obj/x86/Debug/ilc/in/System.Diagnostics.Tools.dll"
"Message",Normal,"C:\Github-Projects\Universal-Windows-Development\UltraWeather\UltraWeather\UltraWeather.UWP\obj\x86\Debug\ilc\in\System.Diagnostics.Tools.dll"
"Message",Normal,"The assembly 'System.Diagnostics.Tracing.dll' is found in more than one folder."
"Message",Normal,"file:///C:/Github-Projects/Universal-Windows-Development/UltraWeather/UltraWeather/UltraWeather.UWP/obj/x86/Debug/ilc/in/System.Diagnostics.Tracing.dll"
"Message",Normal,"C:\Github-Projects\Universal-Windows-Development\UltraWeather\UltraWeather\UltraWeather.UWP\obj\x86\Debug\ilc\in\System.Diagnostics.Tracing.dll"
"Message",Normal,"The assembly 'System.dll' is found in more than one folder."
"Message",Normal,"file:///C:/Github-Projects/Universal-Windows-Development/UltraWeather/UltraWeather/UltraWeather.UWP/obj/x86/Debug/ilc/in/System.dll"
"Message",Normal,"C:\Github-Projects\Universal-Windows-Development\UltraWeather\UltraWeather\UltraWeather.UWP\obj\x86\Debug\ilc\in\System.dll"
"Message",Normal,"The assembly 'System.Dynamic.Runtime.dll' is found in more than one folder."
"Message",Normal,"file:///C:/Github-Projects/Universal-Windows-Development/UltraWeather/UltraWeather/UltraWeather.UWP/obj/x86/Debug/ilc/in/System.Dynamic.Runtime.dll"
"Message",Normal,"C:\Github-Projects\Universal-Windows-Development\UltraWeather\UltraWeather\UltraWeather.UWP\obj\x86\Debug\ilc\in\System.Dynamic.Runtime.dll"
"Message",Normal,"The assembly 'System.Globalization.Calendars.dll' is found in more than one folder."
"Message",Normal,"file:///C:/Github-Projects/Universal-Windows-Development/UltraWeather/UltraWeather/UltraWeather.UWP/obj/x86/Debug/ilc/in/System.Globalization.Calendars.dll"
"Message",Normal,"C:\Github-Projects\Universal-Windows-Development\UltraWeather\UltraWeather\UltraWeather.UWP\obj\x86\Debug\ilc\in\System.Globalization.Calendars.dll"
"Message",Normal,"The assembly 'System.Globalization.dll' is found in more than one folder."
"Message",Normal,"file:///C:/Github-Projects/Universal-Windows-Development/UltraWeather/UltraWeather/UltraWeather.UWP/obj/x86/Debug/ilc/in/System.Globalization.dll"
"Message",Normal,"C:\Github-Projects\Universal-Windows-Development\UltraWeather\UltraWeather\UltraWeather.UWP\obj\x86\Debug\ilc\in\System.Globalization.dll"
"Message",Normal,"The assembly 'System.Globalization.Extensions.dll' is found in more than one folder."
"Message",Normal,"file:///C:/Github-Projects/Universal-Windows-Development/UltraWeather/UltraWeather/UltraWeather.UWP/obj/x86/Debug/ilc/in/System.Globalization.Extensions.dll"
"Message",Normal,"C:\Github-Projects\Universal-Windows-Development\UltraWeather\UltraWeather\UltraWeather.UWP\obj\x86\Debug\ilc\in\System.Globalization.Extensions.dll"
"Message",Normal,"The assembly 'System.IO.Compression.dll' is found in more than one folder."
"Message",Normal,"file:///C:/Github-Projects/Universal-Windows-Development/UltraWeather/UltraWeather/UltraWeather.UWP/obj/x86/Debug/ilc/in/System.IO.Compression.dll"
"Message",Normal,"C:\Github-Projects\Universal-Windows-Development\UltraWeather\UltraWeather\UltraWeather.UWP\obj\x86\Debug\ilc\in\System.IO.Compression.dll"
"Message",Normal,"The assembly 'System.IO.Compression.ZipFile.dll' is found in more than one folder."
"Message",Normal,"file:///C:/Github-Projects/Universal-Windows-Development/UltraWeather/UltraWeather/UltraWeather.UWP/obj/x86/Debug/ilc/in/System.IO.Compression.ZipFile.dll"
"Message",Normal,"C:\Github-Projects\Universal-Windows-Development\UltraWeather\UltraWeather\UltraWeather.UWP\obj\x86\Debug\ilc\in\System.IO.Compression.ZipFile.dll"
"Message",Normal,"The assembly 'System.IO.dll' is found in more than one folder."
"Message",Normal,"file:///C:/Github-Projects/Universal-Windows-Development/UltraWeather/UltraWeather/UltraWeather.UWP/obj/x86/Debug/ilc/in/System.IO.dll"
"Message",Normal,"C:\Github-Projects\Universal-Windows-Development\UltraWeather\UltraWeather\UltraWeather.UWP\obj\x86\Debug\ilc\in\System.IO.dll"
"Message",Normal,"The assembly 'System.IO.FileSystem.dll' is found in more than one folder."
"Message",Normal,"file:///C:/Github-Projects/Universal-Windows-Development/UltraWeather/UltraWeather/UltraWeather.UWP/obj/x86/Debug/ilc/in/System.IO.FileSystem.dll"
"Message",Normal,"C:\Github-Projects\Universal-Windows-Development\UltraWeather\UltraWeather\UltraWeather.UWP\obj\x86\Debug\ilc\in\System.IO.FileSystem.dll"
"Message",Normal,"The assembly 'System.IO.FileSystem.Primitives.dll' is found in more than one folder."
"Message",Normal,"file:///C:/Github-Projects/Universal-Windows-Development/UltraWeather/UltraWeather/UltraWeather.UWP/obj/x86/Debug/ilc/in/System.IO.FileSystem.Primitives.dll"
"Message",Normal,"C:\Github-Projects\Universal-Windows-Development\UltraWeather\UltraWeather\UltraWeather.UWP\obj\x86\Debug\ilc\in\System.IO.FileSystem.Primitives.dll"
"Message",Normal,"The assembly 'System.IO.IsolatedStorage.dll' is found in more than one folder."
"Message",Normal,"file:///C:/Github-Projects/Universal-Windows-Development/UltraWeather/UltraWeather/UltraWeather.UWP/obj/x86/Debug/ilc/in/System.IO.IsolatedStorage.dll"
"Message",Normal,"C:\Github-Projects\Universal-Windows-Development\UltraWeather\UltraWeather\UltraWeather.UWP\obj\x86\Debug\ilc\in\System.IO.IsolatedStorage.dll"
"Message",Normal,"The assembly 'System.IO.UnmanagedMemoryStream.dll' is found in more than one folder."
"Message",Normal,"file:///C:/Github-Projects/Universal-Windows-Development/UltraWeather/UltraWeather/UltraWeather.UWP/obj/x86/Debug/ilc/in/System.IO.UnmanagedMemoryStream.dll"
"Message",Normal,"C:\Github-Projects\Universal-Windows-Development\UltraWeather\UltraWeather\UltraWeather.UWP\obj\x86\Debug\ilc\in\System.IO.UnmanagedMemoryStream.dll"
"Message",Normal,"The assembly 'System.Linq.dll' is found in more than one folder."
"Message",Normal,"file:///C:/Github-Projects/Universal-Windows-Development/UltraWeather/UltraWeather/UltraWeather.UWP/obj/x86/Debug/ilc/in/System.Linq.dll"
"Message",Normal,"C:\Github-Projects\Universal-Windows-Development\UltraWeather\UltraWeather\UltraWeather.UWP\obj\x86\Debug\ilc\in\System.Linq.dll"
"Message",Normal,"The assembly 'System.Linq.Expressions.dll' is found in more than one folder."
"Message",Normal,"file:///C:/Github-Projects/Universal-Windows-Development/UltraWeather/UltraWeather/UltraWeather.UWP/obj/x86/Debug/ilc/in/System.Linq.Expressions.dll"
"Message",Normal,"C:\Github-Projects\Universal-Windows-Development\UltraWeather\UltraWeather\UltraWeather.UWP\obj\x86\Debug\ilc\in\System.Linq.Expressions.dll"
"Message",Normal,"The assembly 'System.Linq.Parallel.dll' is found in more than one folder."
"Message",Normal,"file:///C:/Github-Projects/Universal-Windows-Development/UltraWeather/UltraWeather/UltraWeather.UWP/obj/x86/Debug/ilc/in/System.Linq.Parallel.dll"
"Message",Normal,"C:\Github-Projects\Universal-Windows-Development\UltraWeather\UltraWeather\UltraWeather.UWP\obj\x86\Debug\ilc\in\System.Linq.Parallel.dll"
"Message",Normal,"The assembly 'System.Linq.Queryable.dll' is found in more than one folder."
"Message",Normal,"file:///C:/Github-Projects/Universal-Windows-Development/UltraWeather/UltraWeather/UltraWeather.UWP/obj/x86/Debug/ilc/in/System.Linq.Queryable.dll"
"Message",Normal,"C:\Github-Projects\Universal-Windows-Development\UltraWeather\UltraWeather\UltraWeather.UWP\obj\x86\Debug\ilc\in\System.Linq.Queryable.dll"
"Message",Normal,"The assembly 'System.Net.dll' is found in more than one folder."
"Message",Normal,"file:///C:/Github-Projects/Universal-Windows-Development/UltraWeather/UltraWeather/UltraWeather.UWP/obj/x86/Debug/ilc/in/System.Net.dll"
"Message",Normal,"C:\Github-Projects\Universal-Windows-Development\UltraWeather\UltraWeather\UltraWeather.UWP\obj\x86\Debug\ilc\in\System.Net.dll"
"Message",Normal,"The assembly 'System.Net.Http.dll' is found in more than one folder."
"Message",Normal,"file:///C:/Github-Projects/Universal-Windows-Development/UltraWeather/UltraWeather/UltraWeather.UWP/obj/x86/Debug/ilc/in/System.Net.Http.dll"
"Message",Normal,"C:\Github-Projects\Universal-Windows-Development\UltraWeather\UltraWeather\UltraWeather.UWP\obj\x86\Debug\ilc\in\System.Net.Http.dll"
"Message",Normal,"The assembly 'System.Net.Http.Extensions.dll' is found in more than one folder."
"Message",Normal,"file:///C:/Github-Projects/Universal-Windows-Development/UltraWeather/UltraWeather/UltraWeather.UWP/obj/x86/Debug/ilc/intermediate/PreMergeILTransformed/System.Net.Http.Extensions.dll"
"Message",Normal,"C:\Github-Projects\Universal-Windows-Development\UltraWeather\UltraWeather\UltraWeather.UWP\obj\x86\Debug\ilc\in\System.Net.Http.Extensions.dll"
"Message",Normal,"The assembly 'System.Net.Http.Primitives.dll' is found in more than one folder."
"Message",Normal,"file:///C:/Github-Projects/Universal-Windows-Development/UltraWeather/UltraWeather/UltraWeather.UWP/obj/x86/Debug/ilc/in/System.Net.Http.Primitives.dll"
"Message",Normal,"C:\Github-Projects\Universal-Windows-Development\UltraWeather\UltraWeather\UltraWeather.UWP\obj\x86\Debug\ilc\in\System.Net.Http.Primitives.dll"
"Message",Normal,"The assembly 'System.Net.Http.Rtc.dll' is found in more than one folder."
"Message",Normal,"file:///C:/Github-Projects/Universal-Windows-Development/UltraWeather/UltraWeather/UltraWeather.UWP/obj/x86/Debug/ilc/in/System.Net.Http.Rtc.dll"
"Message",Normal,"C:\Github-Projects\Universal-Windows-Development\UltraWeather\UltraWeather\UltraWeather.UWP\obj\x86\Debug\ilc\in\System.Net.Http.Rtc.dll"
"Message",Normal,"The assembly 'System.Net.NameResolution.dll' is found in more than one folder."
"Message",Normal,"file:///C:/Github-Projects/Universal-Windows-Development/UltraWeather/UltraWeather/UltraWeather.UWP/obj/x86/Debug/ilc/in/System.Net.NameResolution.dll"
"Message",Normal,"C:\Github-Projects\Universal-Windows-Development\UltraWeather\UltraWeather\UltraWeather.UWP\obj\x86\Debug\ilc\in\System.Net.NameResolution.dll"
"Message",Normal,"The assembly 'System.Net.NetworkInformation.dll' is found in more than one folder."
"Message",Normal,"file:///C:/Github-Projects/Universal-Windows-Development/UltraWeather/UltraWeather/UltraWeather.UWP/obj/x86/Debug/ilc/in/System.Net.NetworkInformation.dll"
"Message",Normal,"C:\Github-Projects\Universal-Windows-Development\UltraWeather\UltraWeather\UltraWeather.UWP\obj\x86\Debug\ilc\in\System.Net.NetworkInformation.dll"
"Message",Normal,"The assembly 'System.Net.Primitives.dll' is found in more than one folder."
"Message",Normal,"file:///C:/Github-Projects/Universal-Windows-Development/UltraWeather/UltraWeather/UltraWeather.UWP/obj/x86/Debug/ilc/in/System.Net.Primitives.dll"
"Message",Normal,"C:\Github-Projects\Universal-Windows-Development\UltraWeather\UltraWeather\UltraWeather.UWP\obj\x86\Debug\ilc\in\System.Net.Primitives.dll"
"Message",Normal,"The assembly 'System.Net.Requests.dll' is found in more than one folder."
"Message",Normal,"file:///C:/Github-Projects/Universal-Windows-Development/UltraWeather/UltraWeather/UltraWeather.UWP/obj/x86/Debug/ilc/in/System.Net.Requests.dll"
"Message",Normal,"C:\Github-Projects\Universal-Windows-Development\UltraWeather\UltraWeather\UltraWeather.UWP\obj\x86\Debug\ilc\in\System.Net.Requests.dll"
"Message",Normal,"The assembly 'System.Net.Sockets.dll' is found in more than one folder."
"Message",Normal,"file:///C:/Github-Projects/Universal-Windows-Development/UltraWeather/UltraWeather/UltraWeather.UWP/obj/x86/Debug/ilc/in/System.Net.Sockets.dll"
"Message",Normal,"C:\Github-Projects\Universal-Windows-Development\UltraWeather\UltraWeather\UltraWeather.UWP\obj\x86\Debug\ilc\in\System.Net.Sockets.dll"
"Message",Normal,"The assembly 'System.Net.WebHeaderCollection.dll' is found in more than one folder."
"Message",Normal,"file:///C:/Github-Projects/Universal-Windows-Development/UltraWeather/UltraWeather/UltraWeather.UWP/obj/x86/Debug/ilc/in/System.Net.WebHeaderCollection.dll"
"Message",Normal,"C:\Github-Projects\Universal-Windows-Development\UltraWeather\UltraWeather\UltraWeather.UWP\obj\x86\Debug\ilc\in\System.Net.WebHeaderCollection.dll"
"Message",Normal,"The assembly 'System.Net.WebSockets.Client.dll' is found in more than one folder."
"Message",Normal,"file:///C:/Github-Projects/Universal-Windows-Development/UltraWeather/UltraWeather/UltraWeather.UWP/obj/x86/Debug/ilc/in/System.Net.WebSockets.Client.dll"
"Message",Normal,"C:\Github-Projects\Universal-Windows-Development\UltraWeather\UltraWeather\UltraWeather.UWP\obj\x86\Debug\ilc\in\System.Net.WebSockets.Client.dll"
"Message",Normal,"The assembly 'System.Net.WebSockets.dll' is found in more than one folder."
"Message",Normal,"file:///C:/Github-Projects/Universal-Windows-Development/UltraWeather/UltraWeather/UltraWeather.UWP/obj/x86/Debug/ilc/in/System.Net.WebSockets.dll"
"Message",Normal,"C:\Github-Projects\Universal-Windows-Development\UltraWeather\UltraWeather\UltraWeather.UWP\obj\x86\Debug\ilc\in\System.Net.WebSockets.dll"
"Message",Normal,"The assembly 'System.Numerics.dll' is found in more than one folder."
"Message",Normal,"file:///C:/Github-Projects/Universal-Windows-Development/UltraWeather/UltraWeather/UltraWeather.UWP/obj/x86/Debug/ilc/in/System.Numerics.dll"
"Message",Normal,"C:\Github-Projects\Universal-Windows-Development\UltraWeather\UltraWeather\UltraWeather.UWP\obj\x86\Debug\ilc\in\System.Numerics.dll"
"Message",Normal,"The assembly 'System.Numerics.Vectors.dll' is found in more than one folder."
"Message",Normal,"file:///C:/Github-Projects/Universal-Windows-Development/UltraWeather/UltraWeather/UltraWeather.UWP/obj/x86/Debug/ilc/in/System.Numerics.Vectors.dll"
"Message",Normal,"C:\Github-Projects\Universal-Windows-Development\UltraWeather\UltraWeather\UltraWeather.UWP\obj\x86\Debug\ilc\in\System.Numerics.Vectors.dll"
"Message",Normal,"The assembly 'System.Numerics.Vectors.WindowsRuntime.dll' is found in more than one folder."
"Message",Normal,"file:///C:/Github-Projects/Universal-Windows-Development/UltraWeather/UltraWeather/UltraWeather.UWP/obj/x86/Debug/ilc/in/System.Numerics.Vectors.WindowsRuntime.dll"
"Message",Normal,"C:\Github-Projects\Universal-Windows-Development\UltraWeather\UltraWeather\UltraWeather.UWP\obj\x86\Debug\ilc\in\System.Numerics.Vectors.WindowsRuntime.dll"
"Message",Normal,"The assembly 'System.ObjectModel.dll' is found in more than one folder."
"Message",Normal,"file:///C:/Github-Projects/Universal-Windows-Development/UltraWeather/UltraWeather/UltraWeather.UWP/obj/x86/Debug/ilc/in/System.ObjectModel.dll"
"Message",Normal,"C:\Github-Projects\Universal-Windows-Development\UltraWeather\UltraWeather\UltraWeather.UWP\obj\x86\Debug\ilc\in\System.ObjectModel.dll"
"Message",Normal,"The assembly 'System.Private.DataContractSerialization.dll' is found in more than one folder."
"Message",Normal,"file:///C:/Github-Projects/Universal-Windows-Development/UltraWeather/UltraWeather/UltraWeather.UWP/obj/x86/Debug/ilc/in/System.Private.DataContractSerialization.dll"
"Message",Normal,"C:\Github-Projects\Universal-Windows-Development\UltraWeather\UltraWeather\UltraWeather.UWP\obj\x86\Debug\ilc\in\System.Private.DataContractSerialization.dll"
"Message",Normal,"The assembly 'System.Private.ServiceModel.dll' is found in more than one folder."
"Message",Normal,"file:///C:/Github-Projects/Universal-Windows-Development/UltraWeather/UltraWeather/UltraWeather.UWP/obj/x86/Debug/ilc/in/System.Private.ServiceModel.dll"
"Message",Normal,"C:\Github-Projects\Universal-Windows-Development\UltraWeather\UltraWeather\UltraWeather.UWP\obj\x86\Debug\ilc\in\System.Private.ServiceModel.dll"
"Message",Normal,"The assembly 'System.Private.Uri.dll' is found in more than one folder."
"Message",Normal,"file:///C:/Github-Projects/Universal-Windows-Development/UltraWeather/UltraWeather/UltraWeather.UWP/obj/x86/Debug/ilc/in/System.Private.Uri.dll"
"Message",Normal,"C:\Github-Projects\Universal-Windows-Development\UltraWeather\UltraWeather\UltraWeather.UWP\obj\x86\Debug\ilc\in\System.Private.Uri.dll"
"Message",Normal,"The assembly 'System.Reflection.Context.dll' is found in more than one folder."
"Message",Normal,"file:///C:/Github-Projects/Universal-Windows-Development/UltraWeather/UltraWeather/UltraWeather.UWP/obj/x86/Debug/ilc/in/System.Reflection.Context.dll"
"Message",Normal,"C:\Github-Projects\Universal-Windows-Development\UltraWeather\UltraWeather\UltraWeather.UWP\obj\x86\Debug\ilc\in\System.Reflection.Context.dll"
"Message",Normal,"The assembly 'System.Reflection.DispatchProxy.dll' is found in more than one folder."
"Message",Normal,"file:///C:/Github-Projects/Universal-Windows-Development/UltraWeather/UltraWeather/UltraWeather.UWP/obj/x86/Debug/ilc/in/System.Reflection.DispatchProxy.dll"
"Message",Normal,"C:\Github-Projects\Universal-Windows-Development\UltraWeather\UltraWeather\UltraWeather.UWP\obj\x86\Debug\ilc\in\System.Reflection.DispatchProxy.dll"
"Message",Normal,"The assembly 'System.Reflection.dll' is found in more than one folder."
"Message",Normal,"file:///C:/Github-Projects/Universal-Windows-Development/UltraWeather/UltraWeather/UltraWeather.UWP/obj/x86/Debug/ilc/in/System.Reflection.dll"
"Message",Normal,"C:\Github-Projects\Universal-Windows-Development\UltraWeather\UltraWeather\UltraWeather.UWP\obj\x86\Debug\ilc\in\System.Reflection.dll"
"Message",Normal,"The assembly 'System.Reflection.Emit.dll' is found in more than one folder."
"Message",Normal,"file:///C:/Github-Projects/Universal-Windows-Development/UltraWeather/UltraWeather/UltraWeather.UWP/obj/x86/Debug/ilc/in/System.Reflection.Emit.dll"
"Message",Normal,"C:\Github-Projects\Universal-Windows-Development\UltraWeather\UltraWeather\UltraWeather.UWP\obj\x86\Debug\ilc\in\System.Reflection.Emit.dll"
"Message",Normal,"The assembly 'System.Reflection.Extensions.dll' is found in more than one folder."
"Message",Normal,"file:///C:/Github-Projects/Universal-Windows-Development/UltraWeather/UltraWeather/UltraWeather.UWP/obj/x86/Debug/ilc/in/System.Reflection.Extensions.dll"
"Message",Normal,"C:\Github-Projects\Universal-Windows-Development\UltraWeather\UltraWeather\UltraWeather.UWP\obj\x86\Debug\ilc\in\System.Reflection.Extensions.dll"
"Message",Normal,"The assembly 'System.Reflection.Metadata.dll' is found in more than one folder."
"Message",Normal,"file:///C:/Github-Projects/Universal-Windows-Development/UltraWeather/UltraWeather/UltraWeather.UWP/obj/x86/Debug/ilc/in/System.Reflection.Metadata.dll"
"Message",Normal,"C:\Github-Projects\Universal-Windows-Development\UltraWeather\UltraWeather\UltraWeather.UWP\obj\x86\Debug\ilc\in\System.Reflection.Metadata.dll"
"Message",Normal,"The assembly 'System.Reflection.Primitives.dll' is found in more than one folder."
"Message",Normal,"file:///C:/Github-Projects/Universal-Windows-Development/UltraWeather/UltraWeather/UltraWeather.UWP/obj/x86/Debug/ilc/in/System.Reflection.Primitives.dll"
"Message",Normal,"C:\Github-Projects\Universal-Windows-Development\UltraWeather\UltraWeather\UltraWeather.UWP\obj\x86\Debug\ilc\in\System.Reflection.Primitives.dll"
"Message",Normal,"The assembly 'System.Reflection.TypeExtensions.dll' is found in more than one folder."
"Message",Normal,"file:///C:/Github-Projects/Universal-Windows-Development/UltraWeather/UltraWeather/UltraWeather.UWP/obj/x86/Debug/ilc/in/System.Reflection.TypeExtensions.dll"
"Message",Normal,"C:\Github-Projects\Universal-Windows-Development\UltraWeather\UltraWeather\UltraWeather.UWP\obj\x86\Debug\ilc\in\System.Reflection.TypeExtensions.dll"
"Message",Normal,"The assembly 'System.Resources.ResourceManager.dll' is found in more than one folder."
"Message",Normal,"file:///C:/Github-Projects/Universal-Windows-Development/UltraWeather/UltraWeather/UltraWeather.UWP/obj/x86/Debug/ilc/in/System.Resources.ResourceManager.dll"
"Message",Normal,"C:\Github-Projects\Universal-Windows-Development\UltraWeather\UltraWeather\UltraWeather.UWP\obj\x86\Debug\ilc\in\System.Resources.ResourceManager.dll"
"Message",Normal,"The assembly 'System.Runtime.dll' is found in more than one folder."
"Message",Normal,"file:///C:/Github-Projects/Universal-Windows-Development/UltraWeather/UltraWeather/UltraWeather.UWP/obj/x86/Debug/ilc/in/System.Runtime.dll"
"Message",Normal,"C:\Github-Projects\Universal-Windows-Development\UltraWeather\UltraWeather\UltraWeather.UWP\obj\x86\Debug\ilc\in\System.Runtime.dll"
"Message",Normal,"The assembly 'System.Runtime.Extensions.dll' is found in more than one folder."
"Message",Normal,"file:///C:/Github-Projects/Universal-Windows-Development/UltraWeather/UltraWeather/UltraWeather.UWP/obj/x86/Debug/ilc/in/System.Runtime.Extensions.dll"
"Message",Normal,"C:\Github-Projects\Universal-Windows-Development\UltraWeather\UltraWeather\UltraWeather.UWP\obj\x86\Debug\ilc\in\System.Runtime.Extensions.dll"
"Message",Normal,"The assembly 'System.Runtime.Handles.dll' is found in more than one folder."
"Message",Normal,"file:///C:/Github-Projects/Universal-Windows-Development/UltraWeather/UltraWeather/UltraWeather.UWP/obj/x86/Debug/ilc/in/System.Runtime.Handles.dll"
"Message",Normal,"C:\Github-Projects\Universal-Windows-Development\UltraWeather\UltraWeather\UltraWeather.UWP\obj\x86\Debug\ilc\in\System.Runtime.Handles.dll"
"Message",Normal,"The assembly 'System.Runtime.InteropServices.dll' is found in more than one folder."
"Message",Normal,"file:///C:/Github-Projects/Universal-Windows-Development/UltraWeather/UltraWeather/UltraWeather.UWP/obj/x86/Debug/ilc/in/System.Runtime.InteropServices.dll"
"Message",Normal,"C:\Github-Projects\Universal-Windows-Development\UltraWeather\UltraWeather\UltraWeather.UWP\obj\x86\Debug\ilc\in\System.Runtime.InteropServices.dll"
"Message",Normal,"The assembly 'System.Runtime.InteropServices.RuntimeInformation.dll' is found in more than one folder."
"Message",Normal,"file:///C:/Github-Projects/Universal-Windows-Development/UltraWeather/UltraWeather/UltraWeather.UWP/obj/x86/Debug/ilc/in/System.Runtime.InteropServices.RuntimeInformation.dll"
"Message",Normal,"C:\Github-Projects\Universal-Windows-Development\UltraWeather\UltraWeather\UltraWeather.UWP\obj\x86\Debug\ilc\in\System.Runtime.InteropServices.RuntimeInformation.dll"
"Message",Normal,"The assembly 'System.Runtime.InteropServices.WindowsRuntime.dll' is found in more than one folder."
"Message",Normal,"file:///C:/Github-Projects/Universal-Windows-Development/UltraWeather/UltraWeather/UltraWeather.UWP/obj/x86/Debug/ilc/in/System.Runtime.InteropServices.WindowsRuntime.dll"
"Message",Normal,"C:\Github-Projects\Universal-Windows-Development\UltraWeather\UltraWeather\UltraWeather.UWP\obj\x86\Debug\ilc\in\System.Runtime.InteropServices.WindowsRuntime.dll"
"Message",Normal,"The assembly 'System.Runtime.Numerics.dll' is found in more than one folder."
"Message",Normal,"file:///C:/Github-Projects/Universal-Windows-Development/UltraWeather/UltraWeather/UltraWeather.UWP/obj/x86/Debug/ilc/in/System.Runtime.Numerics.dll"
"Message",Normal,"C:\Github-Projects\Universal-Windows-Development\UltraWeather\UltraWeather\UltraWeather.UWP\obj\x86\Debug\ilc\in\System.Runtime.Numerics.dll"
"Message",Normal,"The assembly 'System.Runtime.Serialization.dll' is found in more than one folder."
"Message",Normal,"file:///C:/Github-Projects/Universal-Windows-Development/UltraWeather/UltraWeather/UltraWeather.UWP/obj/x86/Debug/ilc/in/System.Runtime.Serialization.dll"
"Message",Normal,"C:\Github-Projects\Universal-Windows-Development\UltraWeather\UltraWeather\UltraWeather.UWP\obj\x86\Debug\ilc\in\System.Runtime.Serialization.dll"
"Message",Normal,"The assembly 'System.Runtime.Serialization.Formatters.dll' is found in more than one folder."
"Message",Normal,"file:///C:/Github-Projects/Universal-Windows-Development/UltraWeather/UltraWeather/UltraWeather.UWP/obj/x86/Debug/ilc/in/System.Runtime.Serialization.Formatters.dll"
"Message",Normal,"C:\Github-Projects\Universal-Windows-Development\UltraWeather\UltraWeather\UltraWeather.UWP\obj\x86\Debug\ilc\in\System.Runtime.Serialization.Formatters.dll"
"Message",Normal,"The assembly 'System.Runtime.Serialization.Json.dll' is found in more than one folder."
"Message",Normal,"file:///C:/Github-Projects/Universal-Windows-Development/UltraWeather/UltraWeather/UltraWeather.UWP/obj/x86/Debug/ilc/in/System.Runtime.Serialization.Json.dll"
"Message",Normal,"C:\Github-Projects\Universal-Windows-Development\UltraWeather\UltraWeather\UltraWeather.UWP\obj\x86\Debug\ilc\in\System.Runtime.Serialization.Json.dll"
"Message",Normal,"The assembly 'System.Runtime.Serialization.Primitives.dll' is found in more than one folder."
"Message",Normal,"file:///C:/Github-Projects/Universal-Windows-Development/UltraWeather/UltraWeather/UltraWeather.UWP/obj/x86/Debug/ilc/in/System.Runtime.Serialization.Primitives.dll"
"Message",Normal,"C:\Github-Projects\Universal-Windows-Development\UltraWeather\UltraWeather\UltraWeather.UWP\obj\x86\Debug\ilc\in\System.Runtime.Serialization.Primitives.dll"
"Message",Normal,"The assembly 'System.Runtime.Serialization.Xml.dll' is found in more than one folder."
"Message",Normal,"file:///C:/Github-Projects/Universal-Windows-Development/UltraWeather/UltraWeather/UltraWeather.UWP/obj/x86/Debug/ilc/in/System.Runtime.Serialization.Xml.dll"
"Message",Normal,"C:\Github-Projects\Universal-Windows-Development\UltraWeather\UltraWeather\UltraWeather.UWP\obj\x86\Debug\ilc\in\System.Runtime.Serialization.Xml.dll"
"Message",Normal,"The assembly 'System.Runtime.WindowsRuntime.dll' is found in more than one folder."
"Message",Normal,"file:///C:/Github-Projects/Universal-Windows-Development/UltraWeather/UltraWeather/UltraWeather.UWP/obj/x86/Debug/ilc/intermediate/TransformedSRWR/System.Runtime.WindowsRuntime.dll"
"Message",Normal,"C:\Github-Projects\Universal-Windows-Development\UltraWeather\UltraWeather\UltraWeather.UWP\obj\x86\Debug\ilc\in\System.Runtime.WindowsRuntime.dll"
"Message",Normal,"The assembly 'System.Runtime.WindowsRuntime.UI.Xaml.dll' is found in more than one folder."
"Message",Normal,"file:///C:/Github-Projects/Universal-Windows-Development/UltraWeather/UltraWeather/UltraWeather.UWP/obj/x86/Debug/ilc/in/System.Runtime.WindowsRuntime.UI.Xaml.dll"
"Message",Normal,"C:\Github-Projects\Universal-Windows-Development\UltraWeather\UltraWeather\UltraWeather.UWP\obj\x86\Debug\ilc\in\System.Runtime.WindowsRuntime.UI.Xaml.dll"
"Message",Normal,"The assembly 'System.Security.Claims.dll' is found in more than one folder."
"Message",Normal,"file:///C:/Github-Projects/Universal-Windows-Development/UltraWeather/UltraWeather/UltraWeather.UWP/obj/x86/Debug/ilc/in/System.Security.Claims.dll"
"Message",Normal,"C:\Github-Projects\Universal-Windows-Development\UltraWeather\UltraWeather\UltraWeather.UWP\obj\x86\Debug\ilc\in\System.Security.Claims.dll"
"Message",Normal,"The assembly 'System.Security.Cryptography.Algorithms.dll' is found in more than one folder."
"Message",Normal,"file:///C:/Github-Projects/Universal-Windows-Development/UltraWeather/UltraWeather/UltraWeather.UWP/obj/x86/Debug/ilc/in/System.Security.Cryptography.Algorithms.dll"
"Message",Normal,"C:\Github-Projects\Universal-Windows-Development\UltraWeather\UltraWeather\UltraWeather.UWP\obj\x86\Debug\ilc\in\System.Security.Cryptography.Algorithms.dll"
"Message",Normal,"The assembly 'System.Security.Cryptography.Cng.dll' is found in more than one folder."
"Message",Normal,"file:///C:/Github-Projects/Universal-Windows-Development/UltraWeather/UltraWeather/UltraWeather.UWP/obj/x86/Debug/ilc/in/System.Security.Cryptography.Cng.dll"
"Message",Normal,"C:\Github-Projects\Universal-Windows-Development\UltraWeather\UltraWeather\UltraWeather.UWP\obj\x86\Debug\ilc\in\System.Security.Cryptography.Cng.dll"
"Message",Normal,"The assembly 'System.Security.Cryptography.Encoding.dll' is found in more than one folder."
"Message",Normal,"file:///C:/Github-Projects/Universal-Windows-Development/UltraWeather/UltraWeather/UltraWeather.UWP/obj/x86/Debug/ilc/in/System.Security.Cryptography.Encoding.dll"
"Message",Normal,"C:\Github-Projects\Universal-Windows-Development\UltraWeather\UltraWeather\UltraWeather.UWP\obj\x86\Debug\ilc\in\System.Security.Cryptography.Encoding.dll"
"Message",Normal,"The assembly 'System.Security.Cryptography.Primitives.dll' is found in more than one folder."
"Message",Normal,"file:///C:/Github-Projects/Universal-Windows-Development/UltraWeather/UltraWeather/UltraWeather.UWP/obj/x86/Debug/ilc/in/System.Security.Cryptography.Primitives.dll"
"Message",Normal,"C:\Github-Projects\Universal-Windows-Development\UltraWeather\UltraWeather\UltraWeather.UWP\obj\x86\Debug\ilc\in\System.Security.Cryptography.Primitives.dll"
"Message",Normal,"The assembly 'System.Security.Cryptography.X509Certificates.dll' is found in more than one folder."
"Message",Normal,"file:///C:/Github-Projects/Universal-Windows-Development/UltraWeather/UltraWeather/UltraWeather.UWP/obj/x86/Debug/ilc/in/System.Security.Cryptography.X509Certificates.dll"
"Message",Normal,"C:\Github-Projects\Universal-Windows-Development\UltraWeather\UltraWeather\UltraWeather.UWP\obj\x86\Debug\ilc\in\System.Security.Cryptography.X509Certificates.dll"
"Message",Normal,"The assembly 'System.Security.Principal.dll' is found in more than one folder."
"Message",Normal,"file:///C:/Github-Projects/Universal-Windows-Development/UltraWeather/UltraWeather/UltraWeather.UWP/obj/x86/Debug/ilc/in/System.Security.Principal.dll"
"Message",Normal,"C:\Github-Projects\Universal-Windows-Development\UltraWeather\UltraWeather\UltraWeather.UWP\obj\x86\Debug\ilc\in\System.Security.Principal.dll"
"Message",Normal,"The assembly 'System.ServiceModel.dll' is found in more than one folder."
"Message",Normal,"file:///C:/Github-Projects/Universal-Windows-Development/UltraWeather/UltraWeather/UltraWeather.UWP/obj/x86/Debug/ilc/in/System.ServiceModel.dll"
"Message",Normal,"C:\Github-Projects\Universal-Windows-Development\UltraWeather\UltraWeather\UltraWeather.UWP\obj\x86\Debug\ilc\in\System.ServiceModel.dll"
"Message",Normal,"The assembly 'System.ServiceModel.Duplex.dll' is found in more than one folder."
"Message",Normal,"file:///C:/Github-Projects/Universal-Windows-Development/UltraWeather/UltraWeather/UltraWeather.UWP/obj/x86/Debug/ilc/in/System.ServiceModel.Duplex.dll"
"Message",Normal,"C:\Github-Projects\Universal-Windows-Development\UltraWeather\UltraWeather\UltraWeather.UWP\obj\x86\Debug\ilc\in\System.ServiceModel.Duplex.dll"
"Message",Normal,"The assembly 'System.ServiceModel.Http.dll' is found in more than one folder."
"Message",Normal,"file:///C:/Github-Projects/Universal-Windows-Development/UltraWeather/UltraWeather/UltraWeather.UWP/obj/x86/Debug/ilc/in/System.ServiceModel.Http.dll"
"Message",Normal,"C:\Github-Projects\Universal-Windows-Development\UltraWeather\UltraWeather\UltraWeather.UWP\obj\x86\Debug\ilc\in\System.ServiceModel.Http.dll"
"Message",Normal,"The assembly 'System.ServiceModel.NetTcp.dll' is found in more than one folder."
"Message",Normal,"file:///C:/Github-Projects/Universal-Windows-Development/UltraWeather/UltraWeather/UltraWeather.UWP/obj/x86/Debug/ilc/in/System.ServiceModel.NetTcp.dll"
"Message",Normal,"C:\Github-Projects\Universal-Windows-Development\UltraWeather\UltraWeather\UltraWeather.UWP\obj\x86\Debug\ilc\in\System.ServiceModel.NetTcp.dll"
"Message",Normal,"The assembly 'System.ServiceModel.Primitives.dll' is found in more than one folder."
"Message",Normal,"file:///C:/Github-Projects/Universal-Windows-Development/UltraWeather/UltraWeather/UltraWeather.UWP/obj/x86/Debug/ilc/in/System.ServiceModel.Primitives.dll"
"Message",Normal,"C:\Github-Projects\Universal-Windows-Development\UltraWeather\UltraWeather\UltraWeather.UWP\obj\x86\Debug\ilc\in\System.ServiceModel.Primitives.dll"
"Message",Normal,"The assembly 'System.ServiceModel.Security.dll' is found in more than one folder."
"Message",Normal,"file:///C:/Github-Projects/Universal-Windows-Development/UltraWeather/UltraWeather/UltraWeather.UWP/obj/x86/Debug/ilc/in/System.ServiceModel.Security.dll"
"Message",Normal,"C:\Github-Projects\Universal-Windows-Development\UltraWeather\UltraWeather\UltraWeather.UWP\obj\x86\Debug\ilc\in\System.ServiceModel.Security.dll"
"Message",Normal,"The assembly 'System.ServiceModel.Web.dll' is found in more than one folder."
"Message",Normal,"file:///C:/Github-Projects/Universal-Windows-Development/UltraWeather/UltraWeather/UltraWeather.UWP/obj/x86/Debug/ilc/in/System.ServiceModel.Web.dll"
"Message",Normal,"C:\Github-Projects\Universal-Windows-Development\UltraWeather\UltraWeather\UltraWeather.UWP\obj\x86\Debug\ilc\in\System.ServiceModel.Web.dll"
"Message",Normal,"The assembly 'System.Text.Encoding.CodePages.dll' is found in more than one folder."
"Message",Normal,"file:///C:/Github-Projects/Universal-Windows-Development/UltraWeather/UltraWeather/UltraWeather.UWP/obj/x86/Debug/ilc/in/System.Text.Encoding.CodePages.dll"
"Message",Normal,"C:\Github-Projects\Universal-Windows-Development\UltraWeather\UltraWeather\UltraWeather.UWP\obj\x86\Debug\ilc\in\System.Text.Encoding.CodePages.dll"
"Message",Normal,"The assembly 'System.Text.Encoding.dll' is found in more than one folder."
"Message",Normal,"file:///C:/Github-Projects/Universal-Windows-Development/UltraWeather/UltraWeather/UltraWeather.UWP/obj/x86/Debug/ilc/in/System.Text.Encoding.dll"
"Message",Normal,"C:\Github-Projects\Universal-Windows-Development\UltraWeather\UltraWeather\UltraWeather.UWP\obj\x86\Debug\ilc\in\System.Text.Encoding.dll"
"Message",Normal,"The assembly 'System.Text.Encoding.Extensions.dll' is found in more than one folder."
"Message",Normal,"file:///C:/Github-Projects/Universal-Windows-Development/UltraWeather/UltraWeather/UltraWeather.UWP/obj/x86/Debug/ilc/in/System.Text.Encoding.Extensions.dll"
"Message",Normal,"C:\Github-Projects\Universal-Windows-Development\UltraWeather\UltraWeather\UltraWeather.UWP\obj\x86\Debug\ilc\in\System.Text.Encoding.Extensions.dll"
"Message",Normal,"The assembly 'System.Text.RegularExpressions.dll' is found in more than one folder."
"Message",Normal,"file:///C:/Github-Projects/Universal-Windows-Development/UltraWeather/UltraWeather/UltraWeather.UWP/obj/x86/Debug/ilc/in/System.Text.RegularExpressions.dll"
"Message",Normal,"C:\Github-Projects\Universal-Windows-Development\UltraWeather\UltraWeather\UltraWeather.UWP\obj\x86\Debug\ilc\in\System.Text.RegularExpressions.dll"
"Message",Normal,"The assembly 'System.Threading.dll' is found in more than one folder."
"Message",Normal,"file:///C:/Github-Projects/Universal-Windows-Development/UltraWeather/UltraWeather/UltraWeather.UWP/obj/x86/Debug/ilc/in/System.Threading.dll"
"Message",Normal,"C:\Github-Projects\Universal-Windows-Development\UltraWeather\UltraWeather\UltraWeather.UWP\obj\x86\Debug\ilc\in\System.Threading.dll"
"Message",Normal,"The assembly 'System.Threading.Overlapped.dll' is found in more than one folder."
"Message",Normal,"file:///C:/Github-Projects/Universal-Windows-Development/UltraWeather/UltraWeather/UltraWeather.UWP/obj/x86/Debug/ilc/in/System.Threading.Overlapped.dll"
"Message",Normal,"C:\Github-Projects\Universal-Windows-Development\UltraWeather\UltraWeather\UltraWeather.UWP\obj\x86\Debug\ilc\in\System.Threading.Overlapped.dll"
"Message",Normal,"The assembly 'System.Threading.Tasks.Dataflow.dll' is found in more than one folder."
"Message",Normal,"file:///C:/Github-Projects/Universal-Windows-Development/UltraWeather/UltraWeather/UltraWeather.UWP/obj/x86/Debug/ilc/in/System.Threading.Tasks.Dataflow.dll"
"Message",Normal,"C:\Github-Projects\Universal-Windows-Development\UltraWeather\UltraWeather\UltraWeather.UWP\obj\x86\Debug\ilc\in\System.Threading.Tasks.Dataflow.dll"
"Message",Normal,"The assembly 'System.Threading.Tasks.dll' is found in more than one folder."
"Message",Normal,"file:///C:/Github-Projects/Universal-Windows-Development/UltraWeather/UltraWeather/UltraWeather.UWP/obj/x86/Debug/ilc/in/System.Threading.Tasks.dll"
"Message",Normal,"C:\Github-Projects\Universal-Windows-Development\UltraWeather\UltraWeather\UltraWeather.UWP\obj\x86\Debug\ilc\in\System.Threading.Tasks.dll"
"Message",Normal,"The assembly 'System.Threading.Tasks.Extensions.dll' is found in more than one folder."
"Message",Normal,"file:///C:/Github-Projects/Universal-Windows-Development/UltraWeather/UltraWeather/UltraWeather.UWP/obj/x86/Debug/ilc/in/System.Threading.Tasks.Extensions.dll"
"Message",Normal,"C:\Github-Projects\Universal-Windows-Development\UltraWeather\UltraWeather\UltraWeather.UWP\obj\x86\Debug\ilc\in\System.Threading.Tasks.Extensions.dll"
"Message",Normal,"The assembly 'System.Threading.Tasks.Parallel.dll' is found in more than one folder."
"Message",Normal,"file:///C:/Github-Projects/Universal-Windows-Development/UltraWeather/UltraWeather/UltraWeather.UWP/obj/x86/Debug/ilc/in/System.Threading.Tasks.Parallel.dll"
"Message",Normal,"C:\Github-Projects\Universal-Windows-Development\UltraWeather\UltraWeather\UltraWeather.UWP\obj\x86\Debug\ilc\in\System.Threading.Tasks.Parallel.dll"
"Message",Normal,"The assembly 'System.Threading.Timer.dll' is found in more than one folder."
"Message",Normal,"file:///C:/Github-Projects/Universal-Windows-Development/UltraWeather/UltraWeather/UltraWeather.UWP/obj/x86/Debug/ilc/in/System.Threading.Timer.dll"
"Message",Normal,"C:\Github-Projects\Universal-Windows-Development\UltraWeather\UltraWeather\UltraWeather.UWP\obj\x86\Debug\ilc\in\System.Threading.Timer.dll"
"Message",Normal,"The assembly 'System.Windows.dll' is found in more than one folder."
"Message",Normal,"file:///C:/Github-Projects/Universal-Windows-Development/UltraWeather/UltraWeather/UltraWeather.UWP/obj/x86/Debug/ilc/in/System.Windows.dll"
"Message",Normal,"C:\Github-Projects\Universal-Windows-Development\UltraWeather\UltraWeather\UltraWeather.UWP\obj\x86\Debug\ilc\in\System.Windows.dll"
"Message",Normal,"The assembly 'System.Xml.dll' is found in more than one folder."
"Message",Normal,"file:///C:/Github-Projects/Universal-Windows-Development/UltraWeather/UltraWeather/UltraWeather.UWP/obj/x86/Debug/ilc/in/System.Xml.dll"
"Message",Normal,"C:\Github-Projects\Universal-Windows-Development\UltraWeather\UltraWeather\UltraWeather.UWP\obj\x86\Debug\ilc\in\System.Xml.dll"
"Message",Normal,"The assembly 'System.Xml.Linq.dll' is found in more than one folder."
"Message",Normal,"file:///C:/Github-Projects/Universal-Windows-Development/UltraWeather/UltraWeather/UltraWeather.UWP/obj/x86/Debug/ilc/in/System.Xml.Linq.dll"
"Message",Normal,"C:\Github-Projects\Universal-Windows-Development\UltraWeather\UltraWeather\UltraWeather.UWP\obj\x86\Debug\ilc\in\System.Xml.Linq.dll"
"Message",Normal,"The assembly 'System.Xml.ReaderWriter.dll' is found in more than one folder."
"Message",Normal,"file:///C:/Github-Projects/Universal-Windows-Development/UltraWeather/UltraWeather/UltraWeather.UWP/obj/x86/Debug/ilc/in/System.Xml.ReaderWriter.dll"
"Message",Normal,"C:\Github-Projects\Universal-Windows-Development\UltraWeather\UltraWeather\UltraWeather.UWP\obj\x86\Debug\ilc\in\System.Xml.ReaderWriter.dll"
"Message",Normal,"The assembly 'System.Xml.Serialization.dll' is found in more than one folder."
"Message",Normal,"file:///C:/Github-Projects/Universal-Windows-Development/UltraWeather/UltraWeather/UltraWeather.UWP/obj/x86/Debug/ilc/in/System.Xml.Serialization.dll"
"Message",Normal,"C:\Github-Projects\Universal-Windows-Development\UltraWeather\UltraWeather\UltraWeather.UWP\obj\x86\Debug\ilc\in\System.Xml.Serialization.dll"
"Message",Normal,"The assembly 'System.Xml.XDocument.dll' is found in more than one folder."
"Message",Normal,"file:///C:/Github-Projects/Universal-Windows-Development/UltraWeather/UltraWeather/UltraWeather.UWP/obj/x86/Debug/ilc/in/System.Xml.XDocument.dll"
"Message",Normal,"C:\Github-Projects\Universal-Windows-Development\UltraWeather\UltraWeather\UltraWeather.UWP\obj\x86\Debug\ilc\in\System.Xml.XDocument.dll"
"Message",Normal,"The assembly 'System.Xml.XmlDocument.dll' is found in more than one folder."
"Message",Normal,"file:///C:/Github-Projects/Universal-Windows-Development/UltraWeather/UltraWeather/UltraWeather.UWP/obj/x86/Debug/ilc/in/System.Xml.XmlDocument.dll"
"Message",Normal,"C:\Github-Projects\Universal-Windows-Development\UltraWeather\UltraWeather\UltraWeather.UWP\obj\x86\Debug\ilc\in\System.Xml.XmlDocument.dll"
"Message",Normal,"The assembly 'System.Xml.XmlSerializer.dll' is found in more than one folder."
"Message",Normal,"file:///C:/Github-Projects/Universal-Windows-Development/UltraWeather/UltraWeather/UltraWeather.UWP/obj/x86/Debug/ilc/in/System.Xml.XmlSerializer.dll"
"Message",Normal,"C:\Github-Projects\Universal-Windows-Development\UltraWeather\UltraWeather\UltraWeather.UWP\obj\x86\Debug\ilc\in\System.Xml.XmlSerializer.dll"
"Message",Normal,"The assembly 'UltraWeather.dll' is found in more than one folder."
"Message",Normal,"file:///C:/Github-Projects/Universal-Windows-Development/UltraWeather/UltraWeather/UltraWeather.UWP/obj/x86/Debug/ilc/intermediate/PreMergeILTransformed/UltraWeather.dll"
"Message",Normal,"C:\Github-Projects\Universal-Windows-Development\UltraWeather\UltraWeather\UltraWeather.UWP\obj\x86\Debug\ilc\in\UltraWeather.dll"
"Message",Normal,"The assembly 'Xamarin.Forms.Core.dll' is found in more than one folder."
"Message",Normal,"file:///C:/Github-Projects/Universal-Windows-Development/UltraWeather/UltraWeather/UltraWeather.UWP/obj/x86/Debug/ilc/intermediate/PreMergeILTransformed/Xamarin.Forms.Core.dll"
"Message",Normal,"C:\Github-Projects\Universal-Windows-Development\UltraWeather\UltraWeather\UltraWeather.UWP\obj\x86\Debug\ilc\in\Xamarin.Forms.Core.dll"
"Message",Normal,"The assembly 'Xamarin.Forms.Platform.dll' is found in more than one folder."
"Message",Normal,"file:///C:/Github-Projects/Universal-Windows-Development/UltraWeather/UltraWeather/UltraWeather.UWP/obj/x86/Debug/ilc/in/Xamarin.Forms.Platform.dll"
"Message",Normal,"C:\Github-Projects\Universal-Windows-Development\UltraWeather\UltraWeather\UltraWeather.UWP\obj\x86\Debug\ilc\in\Xamarin.Forms.Platform.dll"
"Message",Normal,"The assembly 'Xamarin.Forms.Platform.UAP.dll' is found in more than one folder."
"Message",Normal,"file:///C:/Github-Projects/Universal-Windows-Development/UltraWeather/UltraWeather/UltraWeather.UWP/obj/x86/Debug/ilc/in/Xamarin.Forms.Platform.UAP.dll"
"Message",Normal,"C:\Github-Projects\Universal-Windows-Development\UltraWeather\UltraWeather\UltraWeather.UWP\obj\x86\Debug\ilc\in\Xamarin.Forms.Platform.UAP.dll"
"Message",Normal,"The assembly 'Xamarin.Forms.Xaml.dll' is found in more than one folder."
"Message",Normal,"file:///C:/Github-Projects/Universal-Windows-Development/UltraWeather/UltraWeather/UltraWeather.UWP/obj/x86/Debug/ilc/intermediate/PreMergeILTransformed/Xamarin.Forms.Xaml.dll"
"Message",Normal,"C:\Github-Projects\Universal-Windows-Development\UltraWeather\UltraWeather\UltraWeather.UWP\obj\x86\Debug\ilc\in\Xamarin.Forms.Xaml.dll"
"Message",Normal,"The assembly 'UltraWeather.UWP.exe' is found in more than one folder."
"Message",Normal,"file:///C:/Github-Projects/Universal-Windows-Development/UltraWeather/UltraWeather/UltraWeather.UWP/obj/x86/Debug/ilc/intermediate/PreMergeILTransformed/UltraWeather.UWP.exe"
"Message",Normal,"C:\Github-Projects\Universal-Windows-Development\UltraWeather\UltraWeather\UltraWeather.UWP\obj\x86\Debug\ilc\in\UltraWeather.UWP.exe"
"Message",Normal,"The type 'System.DBNull' is found in more than one assembly."
"Message",Normal,"file:///C:/Github-Projects/Universal-Windows-Development/UltraWeather/UltraWeather/UltraWeather.UWP/obj/x86/Debug/ilc/in/System.Data.Common.dll"
"Message",Normal,"file:///C:/Users/emmas/.nuget/packages/microsoft.net.native.compiler/1.7.0/tools/x86/ilc/lib/Private/System.Private.Reflection.Core.dll"
"Message",Normal,"The type 'System.Reflection.BindingFlags' is found in more than one assembly."
"Message",Normal,"file:///C:/Github-Projects/Universal-Windows-Development/UltraWeather/UltraWeather/UltraWeather.UWP/obj/x86/Debug/ilc/in/System.Reflection.TypeExtensions.dll"
"Message",Normal,"file:///C:/Users/emmas/.nuget/packages/microsoft.net.native.compiler/1.7.0/tools/x86/ilc/lib/Private/System.Private.Reflection.dll"
"Message",High,"Generating System.Reflection.DispatchProxy proxy code."
"Message",Normal,"Running 'DumpNativeResources' transform, heap at 324 MB."
"Message",Normal,"Running 'ReducedCopyInitialize' transform, heap at 324 MB."
"Message",Normal,"Running 'ReducedCopyEmptyTypes' transform, heap at 250 MB."
"Message",Normal,"Running 'ReducedCopyPopulateTypes' transform, heap at 256 MB."
"Message",Normal,"Running 'ReducedCopyLateMetadata' transform, heap at 292 MB."
"Message",Normal,"Running 'ReducedCopyMethodBodies' transform, heap at 321 MB."
"Message",Normal,"Running 'ReducedCopyComplete' transform, heap at 317 MB."
"Message",Normal,"Running 'ReducedCopyCleanup' transform, heap at 349 MB."
"Message",Normal,"Running 'ComImportDetector' transform, heap at 349 MB."
"Message",Normal,"Running 'McgAccessor' transform, heap at 349 MB."
"Message",Normal,"Running 'McgRedirect' transform, heap at 351 MB."
"Message",Normal,"Running 'McgRedirect' transform, heap at 358 MB."
"Message",Normal,"Running 'McgTypeOf' transform, heap at 359 MB."
"Message",Normal,"Running 'EventSource' transform, heap at 369 MB."
"Message",Normal,"Running 'ValueType' transform, heap at 369 MB."
"Message",Normal,"Running 'Attribute' transform, heap at 369 MB."
"Message",Normal,"Running 'GetType' transform, heap at 370 MB."
"Message",Normal,"Running 'McgFixups' transform, heap at 371 MB."
"Message",Normal,"Running 'ResourceManagerCtor' transform, heap at 372 MB."
"Message",Normal,"Running 'ResourceExtractor' transform, heap at 372 MB."
"Message",Normal,"Running 'TypeofTypeHandle' transform, heap at 387 MB."
"Message",Normal,"Running 'DispatchProxyIntrinsics' transform, heap at 394 MB."
"Message",Normal,"Running 'StaticInitData' transform, heap at 394 MB."
"Message",Normal,"Running 'StartupCodeInjector' transform, heap at 412 MB."
"Message",Normal,"Running 'InjectAppContextSwitches' transform, heap at 412 MB."
"Message",Normal,"Running 'ImplementLibraryDynamicInvokeHelpers' transform, heap at 412 MB."
"Message",Normal,"Running 'Delegate' transform, heap at 412 MB."
"Message",Normal,"Running 'DelegateCtorCall' transform, heap at 424 MB."
"Message",Normal,"Running 'LazyGenerics' transform, heap at 428 MB."
"Message",Normal,"Running 'AddReflectionBlockedAttributes' transform, heap at 380 MB."
"Message",Normal,"Running 'DisableOptimization' transform, heap at 381 MB."
"Message",Normal,"Running 'CreateMetadata' transform, heap at 381 MB."
"Message",Normal,"Running 'SaveRVAStatics' transform, heap at 456 MB."
"Message",Normal,"Running 'ReflectionInvoke' transform, heap at 458 MB."
"Message",Normal,"Running 'ScrubOpenCalls' transform, heap at 462 MB."
"Message",Normal,"Running 'ConvertCatchIntoFilter' transform, heap at 462 MB."
"Message",Normal,"Running 'ReflectionMappingInfoEmit' transform, heap at 463 MB."
"Message",Normal,"Running 'ConvertManagedWinMD' transform, heap at 470 MB."
"Message",Normal,"Running 'Reducer' transform, heap at 470 MB."
"Message",High,"Cleaning up unreferenced code"
"Message",Normal,"Running 'WriteAssemblies' transform, heap at 505 MB."
"Message",Normal,""
"Message",Normal,"Transform summary"
"Message",Normal,"    ms | heap delta | name"
"Message",Normal," 11543 |        213 | Analysis"
"Message",Normal,"  8735 |          1 | GenerateCodeAndCompile"
"Message",Normal,"  4590 |       -308 | WriteAssemblies"
"Message",Normal,"  3543 |         35 | Reducer"
"Message",Normal,"  1102 |         90 | Mcg"
"Message",Normal,"   911 |         75 | CreateMetadata"
"Message",Normal,"   749 |         -4 | ReducedCopyMethodBodies"
"Message",Normal,"   393 |        -48 | LazyGenerics"
"Message",Normal,"   390 |         36 | ReducedCopyPopulateTypes"
"Message",Normal,"   334 |         32 | ReducedCopyComplete"
"Message",Normal,"   270 |        -74 | ReducedCopyInitialize"
"Message",Normal,"   217 |         15 | ResourceExtractor"
"Message",Normal,"   192 |         29 | ReducedCopyLateMetadata"
"Message",Normal,"   156 |         10 | McgTypeOf"
"Message",Normal,"   152 |          7 | McgRedirect"
"Message",Normal,"   147 |         18 | StaticInitData"
"Message",Normal,"   102 |          1 | McgRedirect"
"Message",Normal,"    97 |          7 | TypeofTypeHandle"
"Message",Normal,"    66 |          4 | DelegateCtorCall"
"Message",Normal,"    43 |         12 | Delegate"
"Message",Normal,"    37 |          2 | SaveRVAStatics"
"Message",Normal,"    31 |          6 | ReducedCopyEmptyTypes"
"Message",Normal,"    23 |          4 | ReflectionInvoke"
"Message",Normal,"    20 |          1 | GetType"
"Message",Normal,"    17 |          0 | ScrubOpenCalls"
"Message",Normal,"    16 |          1 | McgFixups"
"Message",Normal,"    16 |          7 | ReflectionMappingInfoEmit"
"Message",Normal,"    16 |          0 | DispatchProxyIntrinsics"
"Message",Normal,"    15 |          2 | McgAccessor"
"Message",Normal,"    12 |          0 | DumpNativeResources"
"Message",Normal,"     7 |          1 | ConvertCatchIntoFilter"
"Message",Normal,"     7 |          0 | ReducedCopyCleanup"
"Message",Normal,"     3 |          0 | EventSource"
"Message",Normal,"     3 |          1 | Attribute"
"Message",Normal,"     2 |          1 | AddReflectionBlockedAttributes"
"Message",Normal,"     2 |          0 | StartupCodeInjector"
"Message",Normal,"     1 |          0 | ValueType"
"Message",Normal,"     1 |          0 | ResourceManagerCtor"
"Message",Normal,"     0 |          0 | InjectAppContextSwitches"
"Message",Normal,"     0 |          0 | ImplementLibraryDynamicInvokeHelpers"
"Message",Normal,"     0 |          0 | ConvertManagedWinMD"
"Message",Normal,"     0 |          0 | DisableOptimization"
"Message",Normal,"     0 |          0 | ComImportDetector"
"Message",Low,"Done executing task ""RunILTransforms""."
"Message",Low,"Done building target ""RunILTransforms"" in file ""ILTransforms""."
"Message",Low,"Done building project ""ILTransforms""."
"Message",Low,""
"Message",Low,""
"Message",Low,"Done building target ""GenerateMDIL"" in file ""Nutc""."
"Message",Low,""
"Message",High,"Generating native code"
"Message",Low,"Done building target ""MDILPrepareMultiFile"" in file ""Nutc""."
"Message",Low,""
"Message",Low,"Done building target ""SetBinaryForReferences"" in file ""Nutc""."
"Message",Low,""
"Message",Low,"Task ""GenerateMDILGlobalAnalysis"""
"Message",Normal,"Launching 'C:\Users\emmas\.nuget\packages\microsoft.net.native.compiler\1.7.0\tools\x86\ilc\Tools\nutc_driver.exe @""C:\Github-Projects\Universal-Windows-Development\UltraWeather\UltraWeather\UltraWeather.UWP\obj\x86\Debug\ilc\intermediate\MDIL\UltraWeather.UWP.rsp""'"
"Message",Low,"Microsoft (R) MDIL Compiler - Version 1.7.25531.01"
"Message",Low,"Copyright (c) Microsoft Corporation.  All rights reserved."
"Message",Low,"Scanning input types"
"Message",Low,"Eager code generation"
"Message",Low,"Deferred code generation"
"Message",Low,"Compiling 18906 methods."
"Message",Low,"Compiling 5504 methods."
"Message",Low,"Compiling 3134 methods."
"Message",Low,"Compiling 2302 methods."
"Message",Low,"Compiling 3966 methods."
"Message",Low,"Compiling 2802 methods."
"Message",Low,"Compiling 1243 methods."
"Message",Low,"Compiling 1380 methods."
"Message",Low,"Compiling 1093 methods."
"Message",Low,"Compiling 1067 methods."
"Message",Low,"Compiling 650 methods."
"Message",Low,"Compiling 471 methods."
"Message",Low,"Compiling 199 methods."
"Message",Low,"Compiling 162 methods."
"Message",Low,"Compiling 61 methods."
"Message",Low,"Compiling 39 methods."
"Message",Low,"Compiling 27 methods."
"Message",Low,"Compiling 17 methods."
"Message",Low,"Compiling 9 methods."
"Message",Low,"Compiling 7 methods."
"Message",Low,"Compiling 4 methods."
"Message",Low,"Successfully generated 'C:\Github-Projects\Universal-Windows-Development\UltraWeather\UltraWeather\UltraWeather.UWP\obj\x86\Debug\ilc\intermediate\MDIL\UltraWeather.UWP.mdilexe'"
"Message",Low,"Successfully generated 'C:\Github-Projects\Universal-Windows-Development\UltraWeather\UltraWeather\UltraWeather.UWP\obj\x86\Debug\ilc\intermediate\MDIL\UltraWeather.UWP.mdilpdb'"
"Message",Normal,"'C:\Users\emmas\.nuget\packages\microsoft.net.native.compiler\1.7.0\tools\x86\ilc\Tools\nutc_driver.exe @""C:\Github-Projects\Universal-Windows-Development\UltraWeather\UltraWeather\UltraWeather.UWP\obj\x86\Debug\ilc\intermediate\MDIL\UltraWeather.UWP.rsp""' completed."
"Message",Normal,"Process execution statistics (all times in milliseconds)"
"Message",Normal,"-----------------------------------------------------------------------------"
"Message",Normal,"launch  |  start   |   stop   |   end    | duration | lifetime | [slot] name"
"Message",Normal,"-----------------------------------------------------------------------------"
"Message",Normal,"       0 |        0 |    13703 |    13703 |    13703 |    13703 | [0] Nutc GlobalAnalysis"
"Message",Normal,"Number of commands:      1"
"Message",Normal,"Total system time:       13703 ms"
"Message",Normal,"System time per command: 13703 ms"
"Message",Normal,"Total duration:          13703 ms"
"Message",Normal,"Total lifetime:          13703 ms"
"Message",Normal,"Requested DOP:           4"
"Message",Normal,"Duration DOP:            1.0"
"Message",Normal,"Lifetime DOP:            1.0"
"Message",Low,"Done executing task ""GenerateMDILGlobalAnalysis""."
"Message",Low,"Done building target ""GenerateMDILGlobalAnalysis"" in file ""Nutc""."
"Message",Low,""
"Message",Low,"Task ""rc"""
"Message",Normal,"Launching 'C:\Program Files (x86)\Windows Kits\10\bin\10.0.15063.0\x64\rc.exe /c ""65001"" /r /fo ""C:\Github-Projects\Universal-Windows-Development\UltraWeather\UltraWeather\UltraWeather.UWP\obj\x86\Debug\ilc\intermediate\BuildInfo\BuildInfo.res"" ""C:\Github-Projects\Universal-Windows-Development\UltraWeather\UltraWeather\UltraWeather.UWP\obj\x86\Debug\ilc\intermediate\BuildInfo\BuildInfo.rc""'"
"Message",Low,"Microsoft (R) Windows (R) Resource Compiler Version 10.0.10011.16384"
"Message",Low,"Copyright (C) Microsoft Corporation.  All rights reserved."
"Message",Normal,"'C:\Program Files (x86)\Windows Kits\10\bin\10.0.15063.0\x64\rc.exe /c ""65001"" /r /fo ""C:\Github-Projects\Universal-Windows-Development\UltraWeather\UltraWeather\UltraWeather.UWP\obj\x86\Debug\ilc\intermediate\BuildInfo\BuildInfo.res"" ""C:\Github-Projects\Universal-Windows-Development\UltraWeather\UltraWeather\UltraWeather.UWP\obj\x86\Debug\ilc\intermediate\BuildInfo\BuildInfo.rc""' completed."
"Message",Normal,"Process execution statistics (all times in milliseconds)"
"Message",Normal,"-----------------------------------------------------------------------------"
"Message",Normal,"launch  |  start   |   stop   |   end    | duration | lifetime | [slot] name"
"Message",Normal,"-----------------------------------------------------------------------------"
"Message",Normal,"       0 |        0 |       47 |       47 |       47 |       47 | [0] rc"
"Message",Normal,"Number of commands:      1"
"Message",Normal,"Total system time:       47 ms"
"Message",Normal,"System time per command: 47 ms"
"Message",Normal,"Total duration:          47 ms"
"Message",Normal,"Total lifetime:          47 ms"
"Message",Normal,"Requested DOP:           4"
"Message",Normal,"Duration DOP:            1.0"
"Message",Normal,"Lifetime DOP:            1.0"
"Message",Low,"Done executing task ""rc""."
"Message",Low,"Task ""ResourceBinaryConcatenate"""
"Message",Normal,"Concatenating into 'C:\Github-Projects\Universal-Windows-Development\UltraWeather\UltraWeather\UltraWeather.UWP\obj\x86\Debug\ilc\intermediate\Native.res' with alignment '4'."
"Message",Normal," Added 'C:\Github-Projects\Universal-Windows-Development\UltraWeather\UltraWeather\UltraWeather.UWP\obj\x86\Debug\ilc\intermediate\ILTransformed\UltraWeather.UWP.res' at offset 0."
"Message",Normal," Added 'C:\Github-Projects\Universal-Windows-Development\UltraWeather\UltraWeather\UltraWeather.UWP\obj\x86\Debug\ilc\intermediate\BuildInfo\BuildInfo.res' at offset 1448."
"Message",Low,"Done executing task ""ResourceBinaryConcatenate""."
"Message",Low,"Done building target ""GenerateBuildInfo"" in file ""Nutc""."
"Message",Low,"Done building project ""Nutc""."
"Message",Low,""
"Message",Low,""
"Message",Low,"Done building target ""MDILBindPrepare"" in file ""Binder""."
"Message",Low,""
"Message",High,"Generating fixups for native code"
"Message",Low,"Task ""MDILBind"""
"Message",Normal,"Launching 'C:\Users\emmas\.nuget\packages\microsoft.net.native.compiler\1.7.0\tools\x86\ilc\Tools\rhbind.exe @""C:\Github-Projects\Universal-Windows-Development\UltraWeather\UltraWeather\UltraWeather.UWP\obj\x86\Debug\ilc\intermediate\rhbindargs.UltraWeather.UWP.rsp""'"
"Message",Low,"OS VERSION: major: 6  minor: 2"
"Message",Low,"MDIL: C:\Github-Projects\Universal-Windows-Development\UltraWeather\UltraWeather\UltraWeather.UWP\obj\x86\Debug\ilc\intermediate\MDIL\UltraWeather.UWP.mdilexe"
"Message",Low,"MDILPDB: C:\Github-Projects\Universal-Windows-Development\UltraWeather\UltraWeather\UltraWeather.UWP\obj\x86\Debug\ilc\intermediate\MDIL\UltraWeather.UWP.mdilpdb"
"Message",Low,"IL: C:\Github-Projects\Universal-Windows-Development\UltraWeather\UltraWeather\UltraWeather.UWP\obj\x86\Debug\ilc\intermediate\MDIL\UltraWeather.UWP.ilexe"
"Message",Low,"NI: C:\Github-Projects\Universal-Windows-Development\UltraWeather\UltraWeather\UltraWeather.UWP\obj\x86\Debug\ilc\intermediate\Native\UltraWeather.UWP.dll"
"Message",Low,"SHIM: C:\Github-Projects\Universal-Windows-Development\UltraWeather\UltraWeather\UltraWeather.UWP\obj\x86\Debug\ilc\intermediate\Native\UltraWeather.UWP.exe"
"Message",Low,"REDHAWK_RUNTIME_DLL_NAME_A=mrt100_app.dll"
"Message",Low,"pdb: C:\Github-Projects\Universal-Windows-Development\UltraWeather\UltraWeather\UltraWeather.UWP\obj\x86\Debug\ilc\intermediate\Native\UltraWeather.UWP.pdb"
"Message",Low,"Produced C:\Github-Projects\Universal-Windows-Development\UltraWeather\UltraWeather\UltraWeather.UWP\obj\x86\Debug\ilc\intermediate\Native\UltraWeather.UWP.dll in 4.027 seconds"
"Message",Normal,"'C:\Users\emmas\.nuget\packages\microsoft.net.native.compiler\1.7.0\tools\x86\ilc\Tools\rhbind.exe @""C:\Github-Projects\Universal-Windows-Development\UltraWeather\UltraWeather\UltraWeather.UWP\obj\x86\Debug\ilc\intermediate\rhbindargs.UltraWeather.UWP.rsp""' completed."
"Message",Normal,"Process execution statistics (all times in milliseconds)"
"Message",Normal,"-----------------------------------------------------------------------------"
"Message",Normal,"launch  |  start   |   stop   |   end    | duration | lifetime | [slot] name"
"Message",Normal,"-----------------------------------------------------------------------------"
"Message",Normal,"       0 |        0 |     4063 |     4063 |     4063 |     4063 | [0] rhbind UltraWeather.UWP"
"Message",Normal,"Number of commands:      1"
"Message",Normal,"Total system time:       4063 ms"
"Message",Normal,"System time per command: 4063 ms"
"Message",Normal,"Total duration:          4063 ms"
"Message",Normal,"Total lifetime:          4063 ms"
"Message",Normal,"Requested DOP:           4"
"Message",Normal,"Duration DOP:            1.0"
"Message",Normal,"Lifetime DOP:            1.0"
"Message",Low,"Done executing task ""MDILBind""."
"Message",Low,"Done building target ""MDILBind"" in file ""Binder""."
"Message",Low,"Done building project ""Binder""."
"Message",Low,""
"Message",Low,""
"Message",Low,"Done building target ""CopyNativeExecutablesToOutput"" in file ""Deployment""."
"Message",Low,""
"Message",Low,"Done building target ""CopyExtractedResourcesToOutput"" in file ""Deployment""."
"Message",Low,""
"Message",Low,"Task ""TransformAppxManifest"""
"Message",Low,"Done executing task ""TransformAppxManifest""."
"Message",Low,"Done building target ""TransformAppxManifestAndAddCrt"" in file ""Deployment""."
"Message",Low,""
"Message",Low,"Task ""MakePri"""
"Message",Normal,"Launching 'C:\Program Files (x86)\Windows Kits\10\bin\10.0.15063.0\x64\MakePri.exe dump /if ""C:\Github-Projects\Universal-Windows-Development\UltraWeather\UltraWeather\UltraWeather.UWP\obj\x86\Debug\ilc\in\resources.pri"" /of ""C:\Github-Projects\Universal-Windows-Development\UltraWeather\UltraWeather\UltraWeather.UWP\obj\x86\Debug\ilc\intermediate\OriginalPriDumpFile.xml"" /dt Detailed /o'"
"Message",Low,"O u t p u t   F i l e   a t   C : \ G i t h u b - P r o j e c t s \ U n i v e r s a l - W i n d o w s - D e v e l o p m e n t \ U l t r a W e a t h e r \ U l t r a W e a t h e r \ U l t r a W e a t h e r . U W P \ o b j \ x 8 6 \ D e b u g \ i l c \ i n t e r m e d i a t e \ O r i g i n a l P r i D u m p F i l e . x m l "
"Message",Low," "
"Message",Low," S u c c e s s f u l l y   C o m p l e t e d "
"Message",Low," "
"Message",Low," "
"Message",Normal,"'C:\Program Files (x86)\Windows Kits\10\bin\10.0.15063.0\x64\MakePri.exe dump /if ""C:\Github-Projects\Universal-Windows-Development\UltraWeather\UltraWeather\UltraWeather.UWP\obj\x86\Debug\ilc\in\resources.pri"" /of ""C:\Github-Projects\Universal-Windows-Development\UltraWeather\UltraWeather\UltraWeather.UWP\obj\x86\Debug\ilc\intermediate\OriginalPriDumpFile.xml"" /dt Detailed /o' completed."
"Message",Normal,"Process execution statistics (all times in milliseconds)"
"Message",Normal,"-----------------------------------------------------------------------------"
"Message",Normal,"launch  |  start   |   stop   |   end    | duration | lifetime | [slot] name"
"Message",Normal,"-----------------------------------------------------------------------------"
"Message",Normal,"       0 |        0 |      297 |      297 |      297 |      297 | [0] MakePri"
"Message",Normal,"Number of commands:      1"
"Message",Normal,"Total system time:       297 ms"
"Message",Normal,"System time per command: 297 ms"
"Message",Normal,"Total duration:          297 ms"
"Message",Normal,"Total lifetime:          297 ms"
"Message",Normal,"Requested DOP:           4"
"Message",Normal,"Duration DOP:            1.0"
"Message",Normal,"Lifetime DOP:            1.0"
"Message",Low,"Done executing task ""MakePri""."
"Message",Low,"Task ""GetPriTargetVersionAndLanguage"""
"Message",Low,"Done executing task ""GetPriTargetVersionAndLanguage""."
"Message",Low,"Task ""MakePri"""
"Message",Normal,"Launching 'C:\Program Files (x86)\Windows Kits\10\bin\10.0.15063.0\x64\MakePri.exe createconfig /o /cf ""C:\Github-Projects\Universal-Windows-Development\UltraWeather\UltraWeather\UltraWeather.UWP\obj\x86\Debug\ilc\intermediate\GeneratedPriConif.xml"" /pv ""10.0.0"" /dq ""en""'"
"Message",Low,"W r i t i n g   P R I   c o n f i g   f i l e   t o   C : \ G i t h u b - P r o j e c t s \ U n i v e r s a l - W i n d o w s - D e v e l o p m e n t \ U l t r a W e a t h e r \ U l t r a W e a t h e r \ U l t r a W e a t h e r . U W P \ o b j \ x 8 6 \ D e b u g \ i l c \ i n t e r m e d i a t e \ G e n e r a t e d P r i C o n i f . x m l   . . . "
"Message",Low," "
"Message",Low," S u c c e s s f u l l y   C o m p l e t e d "
"Message",Low," "
"Message",Low," "
"Message",Normal,"'C:\Program Files (x86)\Windows Kits\10\bin\10.0.15063.0\x64\MakePri.exe createconfig /o /cf ""C:\Github-Projects\Universal-Windows-Development\UltraWeather\UltraWeather\UltraWeather.UWP\obj\x86\Debug\ilc\intermediate\GeneratedPriConif.xml"" /pv ""10.0.0"" /dq ""en""' completed."
"Message",Normal,"Process execution statistics (all times in milliseconds)"
"Message",Normal,"-----------------------------------------------------------------------------"
"Message",Normal,"launch  |  start   |   stop   |   end    | duration | lifetime | [slot] name"
"Message",Normal,"-----------------------------------------------------------------------------"
"Message",Normal,"       0 |        0 |       16 |       16 |       16 |       16 | [0] MakePri"
"Message",Normal,"Number of commands:      1"
"Message",Normal,"Total system time:       16 ms"
"Message",Normal,"System time per command: 16 ms"
"Message",Normal,"Total duration:          16 ms"
"Message",Normal,"Total lifetime:          16 ms"
"Message",Normal,"Requested DOP:           4"
"Message",Normal,"Duration DOP:            1.0"
"Message",Normal,"Lifetime DOP:            1.0"
"Message",Low,"Done executing task ""MakePri""."
"Message",Low,"Task ""ModifyPriConfigFile"""
"Message",Low,"Done executing task ""ModifyPriConfigFile""."
"Message",Low,"Task ""MakePri"""
"Message",Normal,"Launching 'C:\Program Files (x86)\Windows Kits\10\bin\10.0.15063.0\x64\MakePri.exe versioned /pr ""C:\Github-Projects\Universal-Windows-Development\UltraWeather\UltraWeather\UltraWeather.UWP\obj\x86\Debug\ilc\intermediate"" /cf ""C:\Github-Projects\Universal-Windows-Development\UltraWeather\UltraWeather\UltraWeather.UWP\obj\x86\Debug\ilc\intermediate\PriConfig.xml"" /of ""C:\Github-Projects\Universal-Windows-Development\UltraWeather\UltraWeather\UltraWeather.UWP\obj\x86\Debug\ilc\intermediate\resources.pri"" /o /if ""C:\Github-Projects\Universal-Windows-Development\UltraWeather\UltraWeather\UltraWeather.UWP\obj\x86\Debug\ilc\in\resources.pri""'"
"Message",Low,"I n d e x   P a s s   C o m p l e t e d :   C : \ G i t h u b - P r o j e c t s \ U n i v e r s a l - W i n d o w s - D e v e l o p m e n t \ U l t r a W e a t h e r \ U l t r a W e a t h e r \ U l t r a W e a t h e r . U W P \ o b j \ x 8 6 \ D e b u g \ i l c \ i n t e r m e d i a t e \ f i l e l i s t . r e s f i l e s "
"Message",Low," "
"Message",Low," A l t e r n a t e F o r m   Q u a l i f i e r s :   U N P L A T E D "
"Message",Low," "
"Message",Low," S c a l e   Q u a l i f i e r s :   2 0 0 , 4 0 0 , 1 5 0 , 1 2 5 , 1 0 0 "
"Message",Low," "
"Message",Low," T a r g e t S i z e   Q u a l i f i e r s :   2 5 6 , 1 6 , 2 4 , 3 2 , 4 8 "
"Message",Low," "
"Message",Low," "
"Message",Low," "
"Message",Low," I n d e x   P a s s   C o m p l e t e d :   C : \ G i t h u b - P r o j e c t s \ U n i v e r s a l - W i n d o w s - D e v e l o p m e n t \ U l t r a W e a t h e r \ U l t r a W e a t h e r \ U l t r a W e a t h e r . U W P \ o b j \ x 8 6 \ D e b u g \ i l c \ i n t e r m e d i a t e \ R e s W f i l e l i s t . r e s f i l e s "
"Message",Low," "
"Message",Low," "
"Message",Low," "
"Message",Low," F i n i s h e d   b u i l d i n g "
"Message",Low," "
"Message",Low," V e r s i o n :   1 . 1 "
"Message",Low," "
"Message",Low," R e s o u r c e   M a p   N a m e :   4 0 f 2 2 5 8 6 - 8 4 8 3 - 4 8 3 6 - 9 c 5 8 - e e 9 c e 2 5 4 0 3 c e "
"Message",Low," "
"Message",Low," N a m e d   R e s o u r c e s :   6 4 3 8 "
"Message",Low," "
"Message",Low," R e s o u r c e   C a n d i d a t e s :   6 4 6 3 "
"Message",Low," "
"Message",Low," S u c c e s s f u l l y   C o m p l e t e d "
"Message",Low," "
"Message",Low," "
"Message",Normal,"'C:\Program Files (x86)\Windows Kits\10\bin\10.0.15063.0\x64\MakePri.exe versioned /pr ""C:\Github-Projects\Universal-Windows-Development\UltraWeather\UltraWeather\UltraWeather.UWP\obj\x86\Debug\ilc\intermediate"" /cf ""C:\Github-Projects\Universal-Windows-Development\UltraWeather\UltraWeather\UltraWeather.UWP\obj\x86\Debug\ilc\intermediate\PriConfig.xml"" /of ""C:\Github-Projects\Universal-Windows-Development\UltraWeather\UltraWeather\UltraWeather.UWP\obj\x86\Debug\ilc\intermediate\resources.pri"" /o /if ""C:\Github-Projects\Universal-Windows-Development\UltraWeather\UltraWeather\UltraWeather.UWP\obj\x86\Debug\ilc\in\resources.pri""' completed."
"Message",Normal,"Process execution statistics (all times in milliseconds)"
"Message",Normal,"-----------------------------------------------------------------------------"
"Message",Normal,"launch  |  start   |   stop   |   end    | duration | lifetime | [slot] name"
"Message",Normal,"-----------------------------------------------------------------------------"
"Message",Normal,"       0 |        0 |      453 |      453 |      453 |      453 | [0] MakePri"
"Message",Normal,"Number of commands:      1"
"Message",Normal,"Total system time:       453 ms"
"Message",Normal,"System time per command: 453 ms"
"Message",Normal,"Total duration:          453 ms"
"Message",Normal,"Total lifetime:          453 ms"
"Message",Normal,"Requested DOP:           4"
"Message",Normal,"Duration DOP:            1.0"
"Message",Normal,"Lifetime DOP:            1.0"
"Message",Low,"Done executing task ""MakePri""."
"Message",Low,"Done building target ""MergeFrameworkReswFilesWithTheAppPriFile"" in file ""Deployment""."
"Message",Low,"Done building project ""Deployment""."
"Message",Low,"Compilation finished"
